idx,senetnce,Option A,Option B,gold_ans,gold_scope_label,OP1,OP1_type,OP2,OP2_type
0,এজন ৰান্ধনীয়ে ভোজৰ বাবে সাতটা ধৰণৰ আহাৰ সাজে।,সাতটা আহাৰ বিভিন্ন ৰান্ধনীয়ে সাজিছে।,একেজন ৰান্ধনীয়ে সাতটা আহাৰ সাজিছে।,B,inverse,এজন ,indefinite,সাতটা,number
0,এজন ৰান্ধনীয়ে ভোজৰ বাবে সাতটা ধৰণৰ আহাৰ সাজে।,একেজন ৰান্ধনীয়ে সাতটা আহাৰ সাজিছে।,সাতটা আহাৰ বিভিন্ন ৰান্ধনীয়ে সাজিছে।,A,inverse,এজন ,indefinite,সাতটা,number
1,এজন মালীয়ে বাগিছাত চাৰি ধৰণৰ গোলাপ গছ ৰোপণ কৰে।,চাৰি ধৰণৰ  মালীয়েই একে গছ ৰোপণ কৰিছে।,চাৰি ধৰণৰ গোলাপ গছ একে মালীয়েই ৰোপণ কৰিছে।,B,surface,এজন ,indefinite,চাৰি,number
1,এজন মালীয়ে বাগিছাত চাৰি ধৰণৰ গোলাপ গছ ৰোপণ কৰে।,চাৰি ধৰণৰ গোলাপ গছ একে মালীয়েই ৰোপণ কৰিছে।,চাৰি ধৰণৰ  মালীয়েই একে গছ ৰোপণ কৰিছে।,A,surface,এজন ,indefinite,চাৰি,number
2,এজন শিক্ষক বিদ্যালয়ত পাঁচটা ভিন্ন বিষয় পঢ়ায়।,বিভিন্ন বিষয় একেজন শিক্ষকে শিকিয়ে।,প্ৰত্যেক বিষয় ভিন্ন শিক্ষক পঢ়ায়।,A,inverse,এজন ,indefinite,পাঁচটা,number
2,এজন শিক্ষক বিদ্যালয়ত পাঁচটা ভিন্ন বিষয় পঢ়ায়।,প্ৰত্যেক বিষয় ভিন্ন শিক্ষক পঢ়ায়।,বিভিন্ন বিষয় একেজন শিক্ষকে শিকিয়ে।,B,inverse,এজন ,indefinite,পাঁচটা,number
3,এখন কোম্পানীয়ে ঠিক দুই ধৰণৰ স্মাৰ্টফোন উৎপাদন কৰে।,দুয়োটাই স্মাৰ্টফোন একেই কোম্পানীয়ে উৎপাদন কৰে।,দুয়ো প্ৰকাৰৰ স্মাৰ্টফোন দুয়োটা কোম্পানী উৎপাদন কৰে,A,inverse,এজন ,indefinite,ঠিক  দুই,number
3,এখন কোম্পানীয়ে ঠিক দুই ধৰণৰ স্মাৰ্টফোন উৎপাদন কৰে।,দুয়ো প্ৰকাৰৰ স্মাৰ্টফোন দুয়োটা কোম্পানী উৎপাদন কৰে,দুয়োটাই স্মাৰ্টফোন একেই কোম্পানীয়ে উৎপাদন কৰে।,B,inverse,এজন ,indefinite,ঠিক  দুই,number
4,এজন সংগীতজ্ঞ তিনিটা ভিন্ন বাদ্যযন্ত্ৰ বাজায়।,সকলো সংগীতজ্ঞই তিনিটা বাদ্যযন্ত্ৰ বজায়।,তিনিটা বাদ্যযন্ত্ৰ একেই সংগীতজ্ঞে বাজায়।,B,inverse,এজন ,indefinite,তিনিটা,number
4,এজন সংগীতজ্ঞ তিনিটা ভিন্ন বাদ্যযন্ত্ৰ বাজায়।,তিনিটা বাদ্যযন্ত্ৰ একেই সংগীতজ্ঞে বাজায়।,সকলো সংগীতজ্ঞই তিনিটা বাদ্যযন্ত্ৰ বজায়।,A,inverse,এজন ,indefinite,তিনিটা,number
5,এজন চিত্রকাৰ প্ৰদৰ্শনীটোৰ বাবে দহটা ভিন্ন চিত্ৰ আঁকে।,দহটা চিত্ৰ একেই চিত্রকাৰেই আঁকে।,সকলো দহখন চিত্ৰ বিভিন্ন চিত্ৰশিল্পীৰ দ্বাৰা অংকন কৰা হৈছে,A,inverse,এজন ,indefinite,দহটা,number
5,এজন চিত্রকাৰ প্ৰদৰ্শনীটোৰ বাবে দহটা ভিন্ন চিত্ৰ আঁকে।,সকলো দহখন চিত্ৰ বিভিন্ন চিত্ৰশিল্পীৰ দ্বাৰা অংকন কৰা হৈছে,দহটা চিত্ৰ একেই চিত্রকাৰেই আঁকে।,B,inverse,এজন ,indefinite,দহটা,number
6,এজন লেখকে ঠিক চাৰি উপন্যাস লিখে।,চাৰিখন উপন্যাস একেজন লেখকে লিখিছে,প্ৰত্যেক উপন্যাস ভিন্ন লেখকে লিখে।,A,inverse,এজন ,indefinite,ঠিক  চাৰি,number
6,এজন লেখকে ঠিক চাৰি উপন্যাস লিখে।,প্ৰত্যেক উপন্যাস ভিন্ন লেখকে লিখে।,চাৰিখন উপন্যাস একেজন লেখকে লিখিছে,B,inverse,এজন ,indefinite,ঠিক  চাৰি,number
7,এজন বিজ্ঞানীয়ে ছয়টা ভিন্ন পৰীক্ষা সম্পাদন কৰে।,প্ৰত্যেক পৰীক্ষা ভিন্ন বিজ্ঞানীয়ে সম্পাদন কৰে।,প্ৰতিজন বিজ্ঞানিয়ে বিভিন্ন পৰীক্ষা-নিৰীক্ষা চলাই আছে,B,surface,এজন ,indefinite,ছয়টা,number
7,এজন বিজ্ঞানীয়ে ছয়টা ভিন্ন পৰীক্ষা সম্পাদন কৰে।,প্ৰতিজন বিজ্ঞানিয়ে বিভিন্ন পৰীক্ষা-নিৰীক্ষা চলাই আছে,প্ৰত্যেক পৰীক্ষা ভিন্ন বিজ্ঞানীয়ে সম্পাদন কৰে।,A,surface,এজন ,indefinite,ছয়টা,number
8,এজন ফটোগ্ৰাফীয়ে পাঁচটা ভিন্ন ছবি তোলে।,প্ৰতিজন ফটোগ্ৰাফাৰে বেলেগ বেলেগ ফটো তোলে,প্ৰত্যেক ছবি ভিন্ন ফটোগ্ৰাফীয়ে তোলা হয়।,A,surface,এজন ,indefinite,পাঁচটা,number
8,এজন ফটোগ্ৰাফীয়ে পাঁচটা ভিন্ন ছবি তোলে।,প্ৰত্যেক ছবি ভিন্ন ফটোগ্ৰাফীয়ে তোলা হয়।,প্ৰতিজন ফটোগ্ৰাফাৰে বেলেগ বেলেগ ফটো তোলে,B,surface,এজন ,indefinite,পাঁচটা,number
9,এজন পৰিচালকে ঠিক তিনিটা চিনেমা নিৰ্দেশনা কৰে।,তিনিখন বেলেগ বেলেগ চিনেমা প্ৰতিজন পৰিচালকে পৰিচালনা কৰে,প্ৰত্যেক চিনেমা ভিন্ন পৰিচালকে নিৰ্দেশনা কৰে।,A,surface,এজন ,indefinite,ঠিক  তিনিটা,number
9,এজন পৰিচালকে ঠিক তিনিটা চিনেমা নিৰ্দেশনা কৰে।,প্ৰত্যেক চিনেমা ভিন্ন পৰিচালকে নিৰ্দেশনা কৰে।,তিনিখন বেলেগ বেলেগ চিনেমা প্ৰতিজন পৰিচালকে পৰিচালনা কৰে,B,surface,এজন ,indefinite,ঠিক  তিনিটা,number
10,"এখন বিদ্যালয়ত ঠিক চাৰি বিজ্ঞানৰ শিক্ষক আছে - শ্ৰীযুত গোপাল, শ্ৰীমতী শইকীয়া, শ্ৰীমতী তালুকদাৰ, আৰু ড. শিৱ।",চাৰিওজন বিজ্ঞান শিক্ষকে একেখন বিদ্যালয়তে কাম কৰে,সকল চাৰি বিজ্ঞানৰ শিক্ষক একেটা বিদ্যালয়তে কাম নকৰে।,A,inverse,এজন ,indefinite, ঠিক চাৰি,number
10,"এখন বিদ্যালয়ত ঠিক চাৰি বিজ্ঞানৰ শিক্ষক আছে - শ্ৰীযুত গোপাল, শ্ৰীমতী শইকীয়া, শ্ৰীমতী তালুকদাৰ, আৰু ড. শিৱ।",সকল চাৰি বিজ্ঞানৰ শিক্ষক একেটা বিদ্যালয়তে কাম নকৰে।,চাৰিওজন বিজ্ঞান শিক্ষকে একেখন বিদ্যালয়তে কাম কৰে,B,inverse,এজন ,indefinite, ঠিক চাৰি,number
11,এজন মালীয়ে ঠিক সাত ধৰণৰ ফুল উদ্যানত ৰোপণ কৰে।,একেজন মালীয়ে সাত প্ৰকাৰৰ ফুল ৰোপণ কৰে,সকল ফুল একে মালীয়ে ৰোপণ কৰিছে।,A,inverse,এজন ,indefinite,ঠিক সাত,number
11,এজন মালীয়ে ঠিক সাত ধৰণৰ ফুল উদ্যানত ৰোপণ কৰে।,সকল ফুল একে মালীয়ে ৰোপণ কৰিছে।,একেজন মালীয়ে সাত প্ৰকাৰৰ ফুল ৰোপণ কৰে,B,inverse,এজন ,indefinite,ঠিক সাত,number
12,এখন চহৰত ঠিক দুইখন হাস্পতাল আছে -মাৰ্চি হস্পিটেল আৰু গ্ৰেছ হস্পিটেল।,দুয়োখন চিকিৎসালয় একেখন চহৰতে আছে,উভয়খন হাস্পতাল একে চহৰত নাথাকে।,A,inverse,এজন ,indefinite,ঠিক  দুইখন,number
12,এখন চহৰত ঠিক দুইখন হাস্পতাল আছে -মাৰ্চি হস্পিটেল আৰু গ্ৰেছ হস্পিটেল।,উভয়খন হাস্পতাল একে চহৰত নাথাকে।,দুয়োখন চিকিৎসালয় একেখন চহৰতে আছে,B,inverse,এজন ,indefinite,ঠিক  দুইখন,number
13,এজন ৰান্ধনীয়ে ডিনাৰ পাৰ্টিৰ বাবে ঠিক পাঁচটা ব্যঞ্জন প্ৰস্তুত কৰে।,সকলো ব্যঞ্জন একেজন ৰান্ধনীৰ দ্বাৰা প্ৰস্তুত কৰা নহয়,সকলো ব্যঞ্জন একেজন ৰান্ধনীৰ দ্বাৰা প্ৰস্তুত কৰা হয়,B,inverse,এজন ,indefinite,ঠিক পাৰ্টিৰ,number
13,এজন ৰান্ধনীয়ে ডিনাৰ পাৰ্টিৰ বাবে ঠিক পাঁচটা ব্যঞ্জন প্ৰস্তুত কৰে।,সকলো ব্যঞ্জন একেজন ৰান্ধনীৰ দ্বাৰা প্ৰস্তুত কৰা হয়,সকলো ব্যঞ্জন একেজন ৰান্ধনীৰ দ্বাৰা প্ৰস্তুত কৰা নহয়,A,inverse,এজন ,indefinite,ঠিক পাৰ্টিৰ,number
14,এটা বেণ্ডে এটা সংগীতানুষ্ঠানত ঠিক তিনিটা গান বজায়।,সকলো গান একেটা বেণ্ডে বজোৱা নহয়,একেটা বেণ্ডে মাত্ৰ তিনিটা গান বজায়,B,inverse,এটা,indefinite,ঠিক তিনিটা ,number
14,এটা বেণ্ডে এটা সংগীতানুষ্ঠানত ঠিক তিনিটা গান বজায়।,একেটা বেণ্ডে মাত্ৰ তিনিটা গান বজায়,সকলো গান একেটা বেণ্ডে বজোৱা নহয়,A,inverse,এটা,indefinite,ঠিক তিনিটা ,number
15,কোম্পানী এটাৰ ঠিক দুটা শাখা আছে - মুখ্য শাখা আৰু উপ শাখা।,দুয়োটা শাখা একেটা কোম্পানীৰ,দুয়োটা শাখা বেলেগ বেলেগ কোম্পানীৰ,A,inverse,এটা,indefinite,ঠিক দুটা,number
15,কোম্পানী এটাৰ ঠিক দুটা শাখা আছে - মুখ্য শাখা আৰু উপ শাখা।,দুয়োটা শাখা বেলেগ বেলেগ কোম্পানীৰ,দুয়োটা শাখা একেটা কোম্পানীৰ,B,inverse,এটা,indefinite,ঠিক দুটা,number
16,"এজন পাইলটে ঠিক পাঁচখন বিমান উৰুৱায়: এ, বি, চি, ডি, আৰু ই।",সকলো বিমান একেজন পাইলটে উৰুৱায়,সকলো বিমান একেপাইলটে উৰোৱা নহয়,A,inverse,এজন ,indefinite,ঠিক পাঁচখন,number
16,"এজন পাইলটে ঠিক পাঁচখন বিমান উৰুৱায়: এ, বি, চি, ডি, আৰু ই।",সকলো বিমান একেপাইলটে উৰোৱা নহয়,সকলো বিমান একেজন পাইলটে উৰুৱায়,B,inverse,এজন ,indefinite,ঠিক পাঁচখন,number
17,"এজন শিক্ষকে পাঁচটা বিষয় শিকায় - গণিত, ইংৰাজী, বিজ্ঞান, ইতিহাস, আৰু ভূগোল।",পাঁচটা বিষয় একেজন শিক্ষকে শিকাইছে,সকলো বোৰ বিষয় একেজন শিক্ষকে শিকোৱা নহয়,A,inverse,এজন ,indefinite,পাঁচটা,number
17,"এজন শিক্ষকে পাঁচটা বিষয় শিকায় - গণিত, ইংৰাজী, বিজ্ঞান, ইতিহাস, আৰু ভূগোল।",সকলো বোৰ বিষয় একেজন শিক্ষকে শিকোৱা নহয়,পাঁচটা বিষয় একেজন শিক্ষকে শিকাইছে,B,inverse,এজন ,indefinite,পাঁচটা,number
18,"ৰেষ্টুৰেণ্ট এখনে চাৰি প্ৰকাৰৰ পাস্তা পৰিৱেশন কৰে - স্পেগেটি, লাচাগনা, ফেটুচিন, আৰু ৰাভিওলি।",চাৰি প্ৰকাৰৰ পাস্তা সকলোবোৰ একেখন ৰেষ্টুৰেণ্টৰ দ্বাৰা পৰিৱেশন কৰা নহয়,চাৰি প্ৰকাৰৰ পাস্তা সকলোবোৰ একেখন ৰেষ্টুৰেণ্টৰ দ্বাৰা পৰিৱেশন কৰা হয়,B,inverse,এখনে ,indefinite,চাৰি,number
18,"ৰেষ্টুৰেণ্ট এখনে চাৰি প্ৰকাৰৰ পাস্তা পৰিৱেশন কৰে - স্পেগেটি, লাচাগনা, ফেটুচিন, আৰু ৰাভিওলি।",চাৰি প্ৰকাৰৰ পাস্তা সকলোবোৰ একেখন ৰেষ্টুৰেণ্টৰ দ্বাৰা পৰিৱেশন কৰা হয়,চাৰি প্ৰকাৰৰ পাস্তা সকলোবোৰ একেখন ৰেষ্টুৰেণ্টৰ দ্বাৰা পৰিৱেশন কৰা নহয়,A,inverse,এখনে ,indefinite,চাৰি,number
19,"এজন মালীয়ে ছয়টা পৃথক বাগিচা ৰক্ষণাবেক্ষণ কৰে - এ, বি, চি, ডি, ই, আৰু এফ।",সকলো বোৰ বাগিচা একেজন মালিৰ দ্বাৰা ৰক্ষণাবেক্ষণ কৰা নহয়,সকলো বোৰ বাগিচা একেজন মালীয়ে ৰক্ষণাবেক্ষণ কৰে,B,inverse,এজন ,indefinite,ছয়টা,number
19,"এজন মালীয়ে ছয়টা পৃথক বাগিচা ৰক্ষণাবেক্ষণ কৰে - এ, বি, চি, ডি, ই, আৰু এফ।",সকলো বোৰ বাগিচা একেজন মালীয়ে ৰক্ষণাবেক্ষণ কৰে,সকলো বোৰ বাগিচা একেজন মালিৰ দ্বাৰা ৰক্ষণাবেক্ষণ কৰা নহয়,A,inverse,এজন ,indefinite,ছয়টা,number
20,এখন পুথিভঁৰালত ঠিক দুটা শাখা আছে - কল্পকাহিনী আৰু অ-কল্পকাহিনী।,এটা শাখা একেটা পুথিভঁৰালত আছে,দুয়োটা শাখা একেটা লাইব্ৰেৰীত আছে,B,inverse,এখন,indefinite,ঠিক দুটা,number
20,এখন পুথিভঁৰালত ঠিক দুটা শাখা আছে - কল্পকাহিনী আৰু অ-কল্পকাহিনী।,দুয়োটা শাখা একেটা লাইব্ৰেৰীত আছে,এটা শাখা একেটা পুথিভঁৰালত আছে,A,inverse,এখন,indefinite,ঠিক দুটা,number
21,"এটা জিমে পাঁচটা পৃথক শ্ৰেণী প্ৰদান কৰে - যোগ, পাইলেট, স্পিনিং, জুম্বা, আৰু কিকবক্সিং।",সকলো শ্ৰেণী একেটা জিমৰ দ্বাৰা আগবঢ়োৱা নহয়,একেটা জিমৰ দ্বাৰা পাঁচটা শ্ৰেণী আগবঢ়োৱা হয়,B,surface,এটা ,indefinite,পাঁচটা,number
21,"এটা জিমে পাঁচটা পৃথক শ্ৰেণী প্ৰদান কৰে - যোগ, পাইলেট, স্পিনিং, জুম্বা, আৰু কিকবক্সিং।",একেটা জিমৰ দ্বাৰা পাঁচটা শ্ৰেণী আগবঢ়োৱা হয়,সকলো শ্ৰেণী একেটা জিমৰ দ্বাৰা আগবঢ়োৱা নহয়,A,surface,এটা ,indefinite,পাঁচটা,number
22,এটা সংগ্ৰহালয়ত ঠিক সাতটা পৃথক প্ৰদৰ্শনী প্ৰদৰ্শন কৰা হৈছে।,সকলো প্ৰদৰ্শনী একেটা সংগ্ৰহালয়ত প্ৰদৰ্শিত নহয়,সকলো প্ৰদৰ্শনী একেটা সংগ্ৰহালয়ত প্ৰদৰ্শিত হয়,B,inverse,এটা ,indefinite,ঠিক সাতটা,number
22,এটা সংগ্ৰহালয়ত ঠিক সাতটা পৃথক প্ৰদৰ্শনী প্ৰদৰ্শন কৰা হৈছে।,সকলো প্ৰদৰ্শনী একেটা সংগ্ৰহালয়ত প্ৰদৰ্শিত হয়,সকলো প্ৰদৰ্শনী একেটা সংগ্ৰহালয়ত প্ৰদৰ্শিত নহয়,A,inverse,এটা ,indefinite,ঠিক সাতটা,number
23,"এজন ৰান্ধনীয়ে চাৰিটা বেলেগ বেলেগ ব্যঞ্জন ৰান্ধে - ষ্টিক, চিকেন, মাছ, আৰু নিৰামিষ।",সকলো বোৰ ব্যঞ্জন একেজন ৰান্ধনীৰ দ্বাৰা ৰন্ধা নহয়,একেজন ৰান্ধনীৰ দ্বাৰা মাত্ৰ চাৰিটা ব্যঞ্জন ৰন্ধা হয়,B,inverse,এজন ,indefinite,চাৰিটা,number
23,"এজন ৰান্ধনীয়ে চাৰিটা বেলেগ বেলেগ ব্যঞ্জন ৰান্ধে - ষ্টিক, চিকেন, মাছ, আৰু নিৰামিষ।",একেজন ৰান্ধনীৰ দ্বাৰা মাত্ৰ চাৰিটা ব্যঞ্জন ৰন্ধা হয়,সকলো বোৰ ব্যঞ্জন একেজন ৰান্ধনীৰ দ্বাৰা ৰন্ধা নহয়,A,inverse,এজন ,indefinite,চাৰিটা,number
24,কোম্পানী এটাই ঠিক দুই প্ৰকাৰৰ সামগ্ৰী প্ৰস্তুত কৰে - এ আৰু বি।,দুয়োটা সামগ্ৰী একেটা কোম্পানীৰ দ্বাৰা প্ৰস্তুত কৰা নহয়,দুয়োটা সামগ্ৰী একেটা কোম্পানীৰ দ্বাৰা প্ৰস্তুত কৰা হয়,B,inverse,এটাই ,indefinite,ঠিক দুই ,number
24,কোম্পানী এটাই ঠিক দুই প্ৰকাৰৰ সামগ্ৰী প্ৰস্তুত কৰে - এ আৰু বি।,দুয়োটা সামগ্ৰী একেটা কোম্পানীৰ দ্বাৰা প্ৰস্তুত কৰা হয়,দুয়োটা সামগ্ৰী একেটা কোম্পানীৰ দ্বাৰা প্ৰস্তুত কৰা নহয়,A,inverse,এটাই ,indefinite,ঠিক দুই ,number
25,"এখন বেকাৰীয়ে ঠিক ছয় প্ৰকাৰৰ ব্ৰেড প্ৰস্তুত কৰে - ৰাই, জামন, বাগুয়েট, চিয়াবাট্টা, ফকাচিয়া, আৰু পাম্পাৰনিকেল।",ছয় প্ৰকাৰৰ পিঠাৰ সকলোবোৰ একেখন বেকাৰীৰ দ্বাৰা তৈয়াৰ কৰা হয়,ছয় প্ৰকাৰৰ পিঠাৰ সকলোবোৰ একেখন বেকাৰীৰ দ্বাৰা তৈয়াৰ কৰা নহয়,A,inverse,এখন,indefinite,ঠিক ছয়,number
25,"এখন বেকাৰীয়ে ঠিক ছয় প্ৰকাৰৰ ব্ৰেড প্ৰস্তুত কৰে - ৰাই, জামন, বাগুয়েট, চিয়াবাট্টা, ফকাচিয়া, আৰু পাম্পাৰনিকেল।",ছয় প্ৰকাৰৰ পিঠাৰ সকলোবোৰ একেখন বেকাৰীৰ দ্বাৰা তৈয়াৰ কৰা নহয়,ছয় প্ৰকাৰৰ পিঠাৰ সকলোবোৰ একেখন বেকাৰীৰ দ্বাৰা তৈয়াৰ কৰা হয়,B,inverse,এখন,indefinite,ঠিক ছয়,number
26,"এখন পুথিভঁৰালত ঠিক তিনিটা শাখা আছে - কল্পকাহিনী, নন-ফিকচন, আৰু ৰেফাৰেন্স।",তিনিওটা শাখাই বিভিন্ন পুথিভঁৰালত আছে,তিনিওটা শাখা একেটা পুথিভঁৰালত আছে,B,inverse,এখন,indefinite,ঠিক তিনিটা,number
26,"এখন পুথিভঁৰালত ঠিক তিনিটা শাখা আছে - কল্পকাহিনী, নন-ফিকচন, আৰু ৰেফাৰেন্স।",তিনিওটা শাখা একেটা পুথিভঁৰালত আছে,তিনিওটা শাখাই বিভিন্ন পুথিভঁৰালত আছে,A,inverse,এখন,indefinite,ঠিক তিনিটা,number
27,"এখন চিকিৎসালয়ত সাতটা বিভাগ আছে - কাৰ্ডিঅ'লজী, নিউৰোলজী, পেডিয়াট্ৰিক্স, অংক'লজী, অৰ্থোপেডিকচ, ৰেডিঅ'লজী, আৰু ইউৰোলজী।",সাতটা বিভাগৰ সকলোবোৰ একেখন চিকিৎসালয়ত নাই,একেখন চিকিৎসালয়তে মাত্ৰ সাতটা বিভাগ আছে,B,surface,এখন,indefinite,সাতটা ,number
27,"এখন চিকিৎসালয়ত সাতটা বিভাগ আছে - কাৰ্ডিঅ'লজী, নিউৰোলজী, পেডিয়াট্ৰিক্স, অংক'লজী, অৰ্থোপেডিকচ, ৰেডিঅ'লজী, আৰু ইউৰোলজী।",একেখন চিকিৎসালয়তে মাত্ৰ সাতটা বিভাগ আছে,সাতটা বিভাগৰ সকলোবোৰ একেখন চিকিৎসালয়ত নাই,A,surface,এখন,indefinite,সাতটা ,number
28,"এখন চিৰিয়াখানাত ঠিক আঠটা প্ৰজাতিৰ চৰাই আছে - চৰাই, ঈগল, তোতা, পেংগুইন, ফ্লেমিংগো, ময়ূৰ, ফেঁচা, আৰু কপৌ।",আঠটা প্ৰজাতিৰ চৰাইৰ সকলোবোৰ একেখন চিৰিয়াখানাৰ দ্বাৰা ৰখা নহয়,একেখন চিৰিয়াখানাৰ দ্বাৰা কেৱল আঠটা প্ৰজাতিৰ চৰাই ৰখা হয়,B,surface,এখন,indefinite,ঠিক আঠটা,number
28,"এখন চিৰিয়াখানাত ঠিক আঠটা প্ৰজাতিৰ চৰাই আছে - চৰাই, ঈগল, তোতা, পেংগুইন, ফ্লেমিংগো, ময়ূৰ, ফেঁচা, আৰু কপৌ।",একেখন চিৰিয়াখানাৰ দ্বাৰা কেৱল আঠটা প্ৰজাতিৰ চৰাই ৰখা হয়,আঠটা প্ৰজাতিৰ চৰাইৰ সকলোবোৰ একেখন চিৰিয়াখানাৰ দ্বাৰা ৰখা নহয়,A,surface,এখন,indefinite,ঠিক আঠটা,number
29,"এখন ৰেষ্টুৰেণ্টে ছয় প্ৰকাৰৰ পাস্তা পৰিৱেশন কৰে - স্পেগেটি, ফেটুচিন, পেনে, লাচাগনা, ৰাভিওলি, আৰু মেকাৰোনি।",ছয় প্ৰকাৰৰ পাস্তাৰ সকলোবোৰ একেখন ৰেষ্টুৰেণ্টৰ দ্বাৰা পৰিৱেশন কৰা হয়,ছয় প্ৰকাৰৰ পাস্তাৰ সকলোবোৰ একেখন ৰেষ্টুৰেণ্টৰ দ্বাৰা পৰিৱেশন কৰা নহয়,A,inverse,এখন,indefinite,ছয়,number
29,"এখন ৰেষ্টুৰেণ্টে ছয় প্ৰকাৰৰ পাস্তা পৰিৱেশন কৰে - স্পেগেটি, ফেটুচিন, পেনে, লাচাগনা, ৰাভিওলি, আৰু মেকাৰোনি।",ছয় প্ৰকাৰৰ পাস্তাৰ সকলোবোৰ একেখন ৰেষ্টুৰেণ্টৰ দ্বাৰা পৰিৱেশন কৰা নহয়,ছয় প্ৰকাৰৰ পাস্তাৰ সকলোবোৰ একেখন ৰেষ্টুৰেণ্টৰ দ্বাৰা পৰিৱেশন কৰা হয়,B,inverse,এখন,indefinite,ছয়,number
30,"ৰেল এখন ঠিক চাৰিবাৰ ৰয় - এবাৰ ষ্টেচন এ-ত, এবাৰ ষ্টেচন বি-ত, এবাৰ ষ্টেচন চি-ত, আৰু এবাৰ ষ্টেচন ডি-ত।",মুঠতে এটাতকৈ মাত্ৰ এটা ৰেল আছে,মুঠতে এটাতকৈ অধিক ৰেল আছে,A,surface,এখন,indefinite,ঠিক চাৰিবাৰ,number
30,"ৰেল এখন ঠিক চাৰিবাৰ ৰয় - এবাৰ ষ্টেচন এ-ত, এবাৰ ষ্টেচন বি-ত, এবাৰ ষ্টেচন চি-ত, আৰু এবাৰ ষ্টেচন ডি-ত।",মুঠতে এটাতকৈ অধিক ৰেল আছে,মুঠতে এটাতকৈ মাত্ৰ এটা ৰেল আছে,B,surface,এখন,indefinite,ঠিক চাৰিবাৰ,number
31,"এটা বেণ্ডৰ পাঁচজন সদস্য আছে - ই, এফ, জি, এইচ, আৰু আই।",ঠিক এটা বেণ্ড আছে,মুঠতে এটা বেণ্ড আছে য'ত পাঁচজন সদস্য আছে,B,surface,এটা ,indefinite,পাঁচজন,number
31,"এটা বেণ্ডৰ পাঁচজন সদস্য আছে - ই, এফ, জি, এইচ, আৰু আই।",মুঠতে এটা বেণ্ড আছে য'ত পাঁচজন সদস্য আছে,ঠিক এটা বেণ্ড আছে,A,surface,এটা ,indefinite,পাঁচজন,number
32,"এখন চহৰত ঠিক তিনিখন পুথিভঁৰাল আছে - চেণ্ট্ৰেল লাইব্ৰেৰী, ৱেষ্ট এণ্ড লাইব্ৰেৰী, আৰু ইষ্ট এণ্ড লাইব্ৰেৰী।",তিনিখন পুথিভঁৰাল একেখন চহৰতে আছে,তিনিখন পুথিভঁৰাল একেখন চহৰতে নাই,A,inverse,এখন,indefinite,ঠিক তিনিখন,number
32,"এখন চহৰত ঠিক তিনিখন পুথিভঁৰাল আছে - চেণ্ট্ৰেল লাইব্ৰেৰী, ৱেষ্ট এণ্ড লাইব্ৰেৰী, আৰু ইষ্ট এণ্ড লাইব্ৰেৰী।",তিনিখন পুথিভঁৰাল একেখন চহৰতে নাই,তিনিখন পুথিভঁৰাল একেখন চহৰতে আছে,B,inverse,এখন,indefinite,ঠিক তিনিখন,number
33,"বিদ্যালয়ৰ এজন অধ্যক্ষই চাৰিজন শিক্ষকৰ বাবে সময়সূচী নিৰ্ধাৰণ কৰিছে: ৰাহুল, ৰোনাক, মানশ আৰু এশান।",ৰাহুলৰ সময়সূচী বিভিন্ন বিদ্যালয়ৰ অধ্যক্ষৰ দ্বাৰা নিৰ্ধাৰণ কৰা হৈছে,ৰাহুল আৰু আন তিনিজন শিক্ষকৰ সময়সূচী বিভিন্ন বিদ্যালয়ৰ অধ্যক্ষৰ দ্বাৰা নিৰ্ধাৰণ কৰা হৈছে,B,surface,এখন,indefinite,চাৰিজন,number
33,"বিদ্যালয়ৰ এজন অধ্যক্ষই চাৰিজন শিক্ষকৰ বাবে সময়সূচী নিৰ্ধাৰণ কৰিছে: ৰাহুল, ৰোনাক, মানশ আৰু এশান।",ৰাহুল আৰু আন তিনিজন শিক্ষকৰ সময়সূচী বিভিন্ন বিদ্যালয়ৰ অধ্যক্ষৰ দ্বাৰা নিৰ্ধাৰণ কৰা হৈছে,ৰাহুলৰ সময়সূচী বিভিন্ন বিদ্যালয়ৰ অধ্যক্ষৰ দ্বাৰা নিৰ্ধাৰণ কৰা হৈছে,A,surface,এখন,indefinite,চাৰিজন,number
34,"এখন গেলেৰীত ঠিক সাতখন চিত্ৰ প্ৰদৰ্শন কৰা হয় - পি, কিউ, আৰ, এছ, টি, ইউ, আৰু ভি।",সাতখন চিত্ৰ একেখন গেলেৰীত আছে,সাতখন চিত্ৰ সকলো বোৰ বিভিন্ন গেলেৰীত আছে,A,inverse,এখন,indefinite,ঠিক সাতখন,number
34,"এখন গেলেৰীত ঠিক সাতখন চিত্ৰ প্ৰদৰ্শন কৰা হয় - পি, কিউ, আৰ, এছ, টি, ইউ, আৰু ভি।",সাতখন চিত্ৰ সকলো বোৰ বিভিন্ন গেলেৰীত আছে,সাতখন চিত্ৰ একেখন গেলেৰীত আছে,B,inverse,এখন,indefinite,ঠিক সাতখন,number
35,এজন পিয়ানোবাদকে পাঁচটা বেলেগ বেলেগ পিয়ানো সোনাটা পৰিৱেশন কৰিব।,পাঁচটা পিয়ানো সোনাটা একেজন পিয়ানোবাদকে পৰিৱেশন কৰিব,পাঁচটা পিয়ানো সোনাটা পাঁচজন পিয়ানোবাদকে পৰিৱেশন কৰিব,A,inverse,এখন,indefinite,পাঁচটা,number
35,এজন পিয়ানোবাদকে পাঁচটা বেলেগ বেলেগ পিয়ানো সোনাটা পৰিৱেশন কৰিব।,পাঁচটা পিয়ানো সোনাটা পাঁচজন পিয়ানোবাদকে পৰিৱেশন কৰিব,পাঁচটা পিয়ানো সোনাটা একেজন পিয়ানোবাদকে পৰিৱেশন কৰিব,B,inverse,এখন,indefinite,পাঁচটা,number
36,"এটা ষ্টাৰ্টআপত চাৰিজন কৰ্মচাৰী আছে এম, এন, অ, আৰু পি।",মুঠতে চাৰিটা ষ্টাৰ্টআপ আছে যিয়ে এজন কৰ্মচাৰী নিয়োগ কৰে,মুঠতে এটা ষ্টাৰ্টআপ আছে যিয়ে চাৰিজন কৰ্মচাৰীক নিয়োগ কৰে,B,surface,এটা ,indefinite,চাৰিজন,number
36,"এটা ষ্টাৰ্টআপত চাৰিজন কৰ্মচাৰী আছে এম, এন, অ, আৰু পি।",মুঠতে এটা ষ্টাৰ্টআপ আছে যিয়ে চাৰিজন কৰ্মচাৰীক নিয়োগ কৰে,মুঠতে চাৰিটা ষ্টাৰ্টআপ আছে যিয়ে এজন কৰ্মচাৰী নিয়োগ কৰে,A,surface,এটা ,indefinite,চাৰিজন,number
37,এখন গাওঁত ঠিক দুখন বিদ্যালয় আছে - হিলটপ স্কুল আৰু ভেলী স্কুল।,দুয়োখন বিদ্যালয় একেখন গাঁৱতে আছে,বিদ্যালয়খন গাঁৱত আছে,A,inverse,এখন,indefinite,ঠিক দুখন,number
37,এখন গাওঁত ঠিক দুখন বিদ্যালয় আছে - হিলটপ স্কুল আৰু ভেলী স্কুল।,বিদ্যালয়খন গাঁৱত আছে,দুয়োখন বিদ্যালয় একেখন গাঁৱতে আছে,B,inverse,এখন,indefinite,ঠিক দুখন,number
38,"এজন মেনেজাৰে ছয়জন কৰ্মচাৰীৰ স্থানান্তৰৰ পৰিকল্পনা কৰিছে: এলেন, ব্ৰাউন, কাৰ্টাৰ, ডেভিছ, ইভান্স, আৰু ফষ্টাৰ।",এলন আৰু আন পাঁচজন কৰ্মচাৰীৰ শ্বিফ্ট একেজন মেনেজাৰে পৰিকল্পনা কৰি আছে,এলন আৰু আন পাঁচজন কৰ্মচাৰীৰ শ্বিফ্ট বিভিন্ন মেনেজাৰৰ দ্বাৰা পৰিকল্পনা কৰা হৈছে,A,inverse,এখন,indefinite,ছয়জন,number
38,"এজন মেনেজাৰে ছয়জন কৰ্মচাৰীৰ স্থানান্তৰৰ পৰিকল্পনা কৰিছে: এলেন, ব্ৰাউন, কাৰ্টাৰ, ডেভিছ, ইভান্স, আৰু ফষ্টাৰ।",এলন আৰু আন পাঁচজন কৰ্মচাৰীৰ শ্বিফ্ট বিভিন্ন মেনেজাৰৰ দ্বাৰা পৰিকল্পনা কৰা হৈছে,এলন আৰু আন পাঁচজন কৰ্মচাৰীৰ শ্বিফ্ট একেজন মেনেজাৰে পৰিকল্পনা কৰি আছে,B,inverse,এখন,indefinite,ছয়জন,number
39,"দোকান এখনত ঠিক আঠটা নতুন সামগ্ৰী আছে - এ, বি, চি, ডি, ই, এফ, জি, আৰু এইচ।",নটা সামগ্ৰী একেখন দোকানতে আছে,আঠটা সামগ্ৰী একেখন দোকানতে আছে,B,inverse,এখন,indefinite,ঠিক আঠটা,number
39,"দোকান এখনত ঠিক আঠটা নতুন সামগ্ৰী আছে - এ, বি, চি, ডি, ই, এফ, জি, আৰু এইচ।",আঠটা সামগ্ৰী একেখন দোকানতে আছে,নটা সামগ্ৰী একেখন দোকানতে আছে,A,inverse,এখন,indefinite,ঠিক আঠটা,number
40,এজন ভায়োলিনবাদকে সাতটা বেলেগ বেলেগ ভায়োলিন কনচাৰ্ট বজাব।,সাতটা ভায়োলিন কনচাৰ্ট সাতজন ভায়োলিনবাদকে বজাব,সাতটা ভায়োলিন কনচাৰ্ট একেজন ভায়োলিনবাদকে বজাব,B,inverse,এখন,indefinite,সাতটা ,number
40,এজন ভায়োলিনবাদকে সাতটা বেলেগ বেলেগ ভায়োলিন কনচাৰ্ট বজাব।,সাতটা ভায়োলিন কনচাৰ্ট একেজন ভায়োলিনবাদকে বজাব,সাতটা ভায়োলিন কনচাৰ্ট সাতজন ভায়োলিনবাদকে বজাব,A,inverse,এখন,indefinite,সাতটা ,number
41,"এটা নতুন সংস্থাত তিনিজন কৰ্মচাৰী এক্স, ৱাই আৰু জেড আছে।",মুঠতে এটা নতুন সংস্থা আছে যিয়ে তিনিজন কৰ্মচাৰীক নিয়োগ কৰে,মুঠতে এটাতকৈ অধিক নতুন সংস্থা আছে যিয়ে তিনিজন কৰ্মচাৰীক নিয়োগ কৰে,A,surface,এটা ,indefinite,তিনিজন ,number
41,"এটা নতুন সংস্থাত তিনিজন কৰ্মচাৰী এক্স, ৱাই আৰু জেড আছে।",মুঠতে এটাতকৈ অধিক নতুন সংস্থা আছে যিয়ে তিনিজন কৰ্মচাৰীক নিয়োগ কৰে,মুঠতে এটা নতুন সংস্থা আছে যিয়ে তিনিজন কৰ্মচাৰীক নিয়োগ কৰে,B,surface,এটা ,indefinite,তিনিজন ,number
42,"ৰেষ্টুৰেণ্ট এখনে ঠিক চাৰি প্ৰকাৰৰ পাস্তা পৰিৱেশন কৰে - স্পেগেটি, লাচাগনা, ৰাভিওলি, আৰু ফেটুচিন।",চাৰি প্ৰকাৰৰ পাস্তা সকলোবোৰ একেখন ৰেষ্টুৰেণ্টত পৰিৱেশন কৰা হয়,চাৰি প্ৰকাৰৰ পাস্তা সকলোবোৰ পাঁচটা পৃথক ৰেষ্টুৰেণ্টত পৰিৱেশন কৰা হয়,A,inverse,এখন,indefinite,ঠিক চাৰি ,number
42,"ৰেষ্টুৰেণ্ট এখনে ঠিক চাৰি প্ৰকাৰৰ পাস্তা পৰিৱেশন কৰে - স্পেগেটি, লাচাগনা, ৰাভিওলি, আৰু ফেটুচিন।",চাৰি প্ৰকাৰৰ পাস্তা সকলোবোৰ পাঁচটা পৃথক ৰেষ্টুৰেণ্টত পৰিৱেশন কৰা হয়,চাৰি প্ৰকাৰৰ পাস্তা সকলোবোৰ একেখন ৰেষ্টুৰেণ্টত পৰিৱেশন কৰা হয়,B,inverse,এখন,indefinite,ঠিক চাৰি ,number
43,"এজন প্ৰশিক্ষকে পাঁচজন খেলুৱৈক প্ৰশিক্ষণ দি আছে: আন্দ্ৰাল, ব্ৰাজেন্দ্ৰ, চিন্ময়, দিপু আৰু এশান।",পাঁচজন খেলুৱৈক বিভিন্ন প্ৰশিক্ষকে প্ৰশিক্ষণ দি আছে,পাঁচজন খেলুৱৈক একেজন প্ৰশিক্ষকে প্ৰশিক্ষণ দি আছে,B,inverse,এখন,indefinite,পাঁচজন ,number
43,"এজন প্ৰশিক্ষকে পাঁচজন খেলুৱৈক প্ৰশিক্ষণ দি আছে: আন্দ্ৰাল, ব্ৰাজেন্দ্ৰ, চিন্ময়, দিপু আৰু এশান।",পাঁচজন খেলুৱৈক একেজন প্ৰশিক্ষকে প্ৰশিক্ষণ দি আছে,পাঁচজন খেলুৱৈক বিভিন্ন প্ৰশিক্ষকে প্ৰশিক্ষণ দি আছে,A,inverse,এখন,indefinite,পাঁচজন ,number
44,এজন সংগীতজ্ঞই সাতটা বেলেগ বেলেগ পিয়ানো সোনাটা পৰিৱেশন কৰিব।,সাতটা পিয়ানো সোনাটা এজন সংগীতজ্ঞৰ দ্বাৰা পৰিৱেশন কৰা হ'ব,সাতটা পিয়ানো সোনাটা বিভিন্ন সংগীতজ্ঞৰ দ্বাৰা পৰিৱেশন কৰা হ'ব,A,inverse,এখন,indefinite,সাতটা ,number
44,এজন সংগীতজ্ঞই সাতটা বেলেগ বেলেগ পিয়ানো সোনাটা পৰিৱেশন কৰিব।,সাতটা পিয়ানো সোনাটা বিভিন্ন সংগীতজ্ঞৰ দ্বাৰা পৰিৱেশন কৰা হ'ব,সাতটা পিয়ানো সোনাটা এজন সংগীতজ্ঞৰ দ্বাৰা পৰিৱেশন কৰা হ'ব,B,inverse,এখন,indefinite,সাতটা ,number
45,"এখন চিকিৎসালয়ত ঠিক চাৰিজন শল্য চিকিৎসক আছে: অংশু, বিনোদ, চিন্ময়, আৰু দিপু",চাৰিজন শল্য চিকিৎসক সকলো একেখন চিকিৎসালয়ত নাই,চাৰিজন শল্য চিকিৎসক সকলো একেখন চিকিৎসালয়তে আছে,B,inverse,এখন,indefinite,ঠিক চাৰিজন,number
45,"এখন চিকিৎসালয়ত ঠিক চাৰিজন শল্য চিকিৎসক আছে: অংশু, বিনোদ, চিন্ময়, আৰু দিপু",চাৰিজন শল্য চিকিৎসক সকলো একেখন চিকিৎসালয়তে আছে,চাৰিজন শল্য চিকিৎসক সকলো একেখন চিকিৎসালয়ত নাই,A,inverse,এখন,indefinite,ঠিক চাৰিজন,number
46,"এখন পুথিভঁৰালত ঠিক পাঁচ প্ৰকাৰৰ আলোচনী থাকে - সময়, ভোগ, তাঁৰযুক্ত, এক্সপোজ, আৰু য়াটিং।",পাঁচ প্ৰকাৰৰ আলোচনী সকলো একেটা পুথিভঁৰালত নাই,পাঁচ প্ৰকাৰৰ আলোচনী সকলো একেটা পুথিভঁৰালত আছে,B,inverse,এখন,indefinite,ঠিক পাঁচ ,number
46,"এখন পুথিভঁৰালত ঠিক পাঁচ প্ৰকাৰৰ আলোচনী থাকে - সময়, ভোগ, তাঁৰযুক্ত, এক্সপোজ, আৰু য়াটিং।",পাঁচ প্ৰকাৰৰ আলোচনী সকলো একেটা পুথিভঁৰালত আছে,পাঁচ প্ৰকাৰৰ আলোচনী সকলো একেটা পুথিভঁৰালত নাই,A,inverse,এখন,indefinite,ঠিক পাঁচ ,number
47,এজন পৰিচালকে এখন নাটকত ছয়টা চৰিত্ৰৰ বাবে কাষ্টিং কৰি আছে।,নাটকখনৰ ছয়টা চৰিত্ৰ বিভিন্ন পৰিচালকে অভিনয় কৰিছে,নাটকখনৰ ছয়টা চৰিত্ৰ এজন পৰিচালকে অভিনয় কৰিছে,B,inverse,এখন,indefinite,ছয়টা,number
47,এজন পৰিচালকে এখন নাটকত ছয়টা চৰিত্ৰৰ বাবে কাষ্টিং কৰি আছে।,নাটকখনৰ ছয়টা চৰিত্ৰ এজন পৰিচালকে অভিনয় কৰিছে,নাটকখনৰ ছয়টা চৰিত্ৰ বিভিন্ন পৰিচালকে অভিনয় কৰিছে,A,inverse,এখন,indefinite,ছয়টা,number
48,"এখন চিৰিয়াখানাত ঠিক সাতজন ৰক্ষক আছে: অংশিতা, বৰুৱা, চট্টপাধ্যা, ডিনোড, ইলিয়াছ, ফাৰুখ আৰু গুৰুবিন্দৰ।",সাতজন ৰক্ষক সকলো একেখন চিৰিয়াখানাত আছে,সাতজন ৰক্ষক সকলো একেখন চিৰিয়াখানাত নাই,A,inverse,এখন,indefinite,ঠিক সাতজন,number
48,"এখন চিৰিয়াখানাত ঠিক সাতজন ৰক্ষক আছে: অংশিতা, বৰুৱা, চট্টপাধ্যা, ডিনোড, ইলিয়াছ, ফাৰুখ আৰু গুৰুবিন্দৰ।",সাতজন ৰক্ষক সকলো একেখন চিৰিয়াখানাত নাই,সাতজন ৰক্ষক সকলো একেখন চিৰিয়াখানাত আছে,B,inverse,এখন,indefinite,ঠিক সাতজন,number
49,"এজন ৰান্ধনীয়ে ঠিক তিনি প্ৰকাৰৰ চুচি প্ৰস্তুত কৰে - মাকি, নিগিৰি, আৰু চাচিমি।",তিনি প্ৰকাৰৰ চুচি সকলোবোৰ একেজন ৰান্ধনীৰ দ্বাৰা প্ৰস্তুত কৰা নহয়,তিনি প্ৰকাৰৰ চুচি সকলোবোৰ একেজন ৰান্ধনীৰ দ্বাৰা প্ৰস্তুত কৰা হয়,B,inverse,এখন,indefinite,ঠিক তিনি,number
49,"এজন ৰান্ধনীয়ে ঠিক তিনি প্ৰকাৰৰ চুচি প্ৰস্তুত কৰে - মাকি, নিগিৰি, আৰু চাচিমি।",তিনি প্ৰকাৰৰ চুচি সকলোবোৰ একেজন ৰান্ধনীৰ দ্বাৰা প্ৰস্তুত কৰা হয়,তিনি প্ৰকাৰৰ চুচি সকলোবোৰ একেজন ৰান্ধনীৰ দ্বাৰা প্ৰস্তুত কৰা নহয়,A,inverse,এখন,indefinite,ঠিক তিনি,number
50,এজন শিক্ষকে চাৰিটা পৰীক্ষাৰ গ্ৰেডিং কৰি আছে।,পৰীক্ষাৰ চাৰিটা ছেট বিভিন্ন শিক্ষকে শ্ৰেণীবদ্ধ কৰিছে,পৰীক্ষাৰ চাৰিটা ছেট একেজন শিক্ষকে শ্ৰেণীবদ্ধ কৰিছে,B,surface,এখন,indefinite,চাৰিটা,number
50,এজন শিক্ষকে চাৰিটা পৰীক্ষাৰ গ্ৰেডিং কৰি আছে।,পৰীক্ষাৰ চাৰিটা ছেট একেজন শিক্ষকে শ্ৰেণীবদ্ধ কৰিছে,পৰীক্ষাৰ চাৰিটা ছেট বিভিন্ন শিক্ষকে শ্ৰেণীবদ্ধ কৰিছে,A,surface,এখন,indefinite,চাৰিটা,number
51,"এটা গেৰেজত ঠিক পাঁচটা মেকানিক আছে: সমৰ্থ, তন্ময়, বিনোদ, বিৰাট আৰু ৱানিয়া।",পাঁচজন মেকানিক সকলো বেলেগ বেলেগ গেৰেজত আছে,পাঁচজন মেকানিক সকলো একেটা গেৰেজত আছে,B,inverse,এটা ,indefinite,ঠিক পাঁচটা,number
51,"এটা গেৰেজত ঠিক পাঁচটা মেকানিক আছে: সমৰ্থ, তন্ময়, বিনোদ, বিৰাট আৰু ৱানিয়া।",পাঁচজন মেকানিক সকলো একেটা গেৰেজত আছে,পাঁচজন মেকানিক সকলো বেলেগ বেলেগ গেৰেজত আছে,A,inverse,এটা ,indefinite,ঠিক পাঁচটা,number
52,এটা পুথিভঁৰালত সাতটা শাখা আছে।,সাতটা শাখাএকেটা পুথিভঁৰালত আছে,সাতটা শাখাই বিভিন্ন পুথিভঁৰালত আছে,A,inverse,এটা ,indefinite,সাতটা,number
52,এটা পুথিভঁৰালত সাতটা শাখা আছে।,সাতটা শাখাই বিভিন্ন পুথিভঁৰালত আছে,সাতটা শাখাএকেটা পুথিভঁৰালত আছে,B,inverse,এটা ,indefinite,সাতটা,number
53,এজন কৃষকৰ নটা গৰু আছে।,আটাইবোৰ নটা গৰু নটা বেলেগ বেলেগ খেতিয়কৰ,আটাইবোৰ নটা গৰু একেজন খেতিয়কৰ,B,inverse,এখন,indefinite,নটা,number
53,এজন কৃষকৰ নটা গৰু আছে।,আটাইবোৰ নটা গৰু একেজন খেতিয়কৰ,আটাইবোৰ নটা গৰু নটা বেলেগ বেলেগ খেতিয়কৰ,A,inverse,এখন,indefinite,নটা,number
54,এখন বিদ্যালয়ত চাৰিটা অট্টালিকা আছে।,চাৰিটা অট্টালিকা একেখন বিদ্যালয়তে আছে,চাৰিটা অট্টালিকা বিভিন্ন বিদ্যালয়ত আছে,A,inverse,এখন,indefinite,চাৰিটা,number
54,এখন বিদ্যালয়ত চাৰিটা অট্টালিকা আছে।,চাৰিটা অট্টালিকা বিভিন্ন বিদ্যালয়ত আছে,চাৰিটা অট্টালিকা একেখন বিদ্যালয়তে আছে,B,inverse,এখন,indefinite,চাৰিটা,number
55,"এখন চিকিৎসালয়ত, ঠিক পাঁচজন চিকিৎসক আছে: অঞ্জু, মঞ্জু, বেনু, ৰাখী, শ্বেতা।",পাঁচজন চিকিৎসক সকলো একেখন চিকিৎসালয়তে আছে,পাঁচজন চিকিৎসক একেখন চিকিৎসালয়ত নাই,B,inverse,এখন,indefinite, ঠিক পাঁচজন,number
55,"এখন চিকিৎসালয়ত, ঠিক পাঁচজন চিকিৎসক আছে: অঞ্জু, মঞ্জু, বেনু, ৰাখী, শ্বেতা।",পাঁচজন চিকিৎসক একেখন চিকিৎসালয়ত নাই,পাঁচজন চিকিৎসক সকলো একেখন চিকিৎসালয়তে আছে,A,inverse,এখন,indefinite, ঠিক পাঁচজন,number
56,"এটা পাৱাৰ ষ্টেচনৰ অভিযন্তাসকলে বিদ্যুৎ উৎপাদনৰ বাবে ছয়টা টাৰ্বাইন পৰিচালনা কৰে - এ, বি, চি, ডি, ই, আৰু এফ।",সকলো ছয়টা টাৰ্বাইন একেটা পাৱাৰ ষ্টেচনত পৰিচালিত হয়,পাঁচজন চিকিৎসক সকলো একেখন চিকিৎসালয়তে আছে,A,inverse,এটা ,indefinite,ছয়টা,number
56,"এটা পাৱাৰ ষ্টেচনৰ অভিযন্তাসকলে বিদ্যুৎ উৎপাদনৰ বাবে ছয়টা টাৰ্বাইন পৰিচালনা কৰে - এ, বি, চি, ডি, ই, আৰু এফ।",পাঁচজন চিকিৎসক সকলো একেখন চিকিৎসালয়তে আছে,সকলো ছয়টা টাৰ্বাইন একেটা পাৱাৰ ষ্টেচনত পৰিচালিত হয়,B,inverse,এটা ,indefinite,ছয়টা,number
57,এখন বেকাৰীত তিনিটা অভেন আছে।,তিনিওটা অভেন একেখন বেকাৰীত আছে,তিনিওটা অভেন একেখন বেকাৰীত নাই,A,inverse,এখন,indefinite,তিনিটা,number
57,এখন বেকাৰীত তিনিটা অভেন আছে।,তিনিওটা অভেন একেখন বেকাৰীত নাই,তিনিওটা অভেন একেখন বেকাৰীত আছে,B,inverse,এখন,indefinite,তিনিটা,number
58,"এখন বেকাৰীয়ে ছয় প্ৰকাৰৰ ব্ৰেড বিক্ৰী কৰে - এ, বি, চি, ডি, ই, আৰু এফ।",এনে কোনো একক বেকাৰী আছে যিয়ে সকলো ছয় প্ৰকাৰৰ ব্ৰেড বিক্ৰী কৰে,সকলো ছয় প্ৰকাৰৰ ব্ৰেড বিক্ৰী কৰা কোনো বেকাৰী নাই,A,surface,এখন,indefinite,ছয়,number
58,"এখন বেকাৰীয়ে ছয় প্ৰকাৰৰ ব্ৰেড বিক্ৰী কৰে - এ, বি, চি, ডি, ই, আৰু এফ।",সকলো ছয় প্ৰকাৰৰ ব্ৰেড বিক্ৰী কৰা কোনো বেকাৰী নাই,এনে কোনো একক বেকাৰী আছে যিয়ে সকলো ছয় প্ৰকাৰৰ ব্ৰেড বিক্ৰী কৰে,B,surface,এখন,indefinite,ছয়,number
59,"এটা শক্তি প্ৰকল্পৰ অভিযন্তাসকলে নিয়মীয়া তত্বাৱধানৰ বাবে পাঁচটা টাৰ্বাইন পৰিচালনা কৰে - টি1, টি2, টি3, টি4, আৰু টি5।",পাঁচোটা টাৰ্বাইন একেটা শক্তি প্ৰকল্পত পৰিচালিত হয়,পাঁচোটা টাৰ্বাইন একেটা শক্তি প্ৰকল্পত পৰিচালিত নহয়,A,inverse,এটা ,indefinite,পাঁচটা ,number
59,"এটা শক্তি প্ৰকল্পৰ অভিযন্তাসকলে নিয়মীয়া তত্বাৱধানৰ বাবে পাঁচটা টাৰ্বাইন পৰিচালনা কৰে - টি1, টি2, টি3, টি4, আৰু টি5।",পাঁচোটা টাৰ্বাইন একেটা শক্তি প্ৰকল্পত পৰিচালিত নহয়,পাঁচোটা টাৰ্বাইন একেটা শক্তি প্ৰকল্পত পৰিচালিত হয়,B,inverse,এটা ,indefinite,পাঁচটা ,number
60,"এটা ষ্টাৰ্টআপ কোম্পানীৰ তিনিজন প্ৰতিষ্ঠাপক আছে - এক্স, ৱাই, আৰু জেড।",মুঠতে এটা ষ্টাৰ্টআপ কোম্পানী আছে য'ত তিনিজন প্ৰতিষ্ঠাপক আছে,মুঠতে এটাতকৈ অধিক ষ্টাৰ্টআপ কোম্পানী আছে য'ত তিনিজন প্ৰতিষ্ঠাপক আছে,A,surface,এটা ,indefinite,তিনিজন,number
60,"এটা ষ্টাৰ্টআপ কোম্পানীৰ তিনিজন প্ৰতিষ্ঠাপক আছে - এক্স, ৱাই, আৰু জেড।",মুঠতে এটাতকৈ অধিক ষ্টাৰ্টআপ কোম্পানী আছে য'ত তিনিজন প্ৰতিষ্ঠাপক আছে,মুঠতে এটা ষ্টাৰ্টআপ কোম্পানী আছে য'ত তিনিজন প্ৰতিষ্ঠাপক আছে,B,surface,এটা ,indefinite,তিনিজন,number
61,"এটা বিখ্যাত পিয়ানোবাদকৰ এলবামত ঠিক নটা অনন্য ৰচনা অন্তৰ্ভুক্ত আছে - চি1, চি2, চি3, চি4, চি5, চি6, চি7, চি8, আৰু চি9।",সকলো ৰচনা একেটা পিয়ানোবাদকৰ দ্বাৰা,সকলো ৰচনা বিভিন্ন পিয়ানোবাদকৰ দ্বাৰা,A,inverse,এটা ,indefinite,ঠিক নটা,number
61,"এটা বিখ্যাত পিয়ানোবাদকৰ এলবামত ঠিক নটা অনন্য ৰচনা অন্তৰ্ভুক্ত আছে - চি1, চি2, চি3, চি4, চি5, চি6, চি7, চি8, আৰু চি9।",সকলো ৰচনা বিভিন্ন পিয়ানোবাদকৰ দ্বাৰা,সকলো ৰচনা একেটা পিয়ানোবাদকৰ দ্বাৰা,B,inverse,এটা ,indefinite,ঠিক নটা,number
62,"এটা ক্ৰুজ লাইনত মিয়ামিৰ পৰা বাহামালৈ সাতটা যাত্ৰা আছে - ভি1, ভি2, ভি3, ভি4, ভি5, ভি6, আৰু ভি7 যাত্ৰা।","ভি1, ভি2, ভি3, ভি4, ভি5, ভি6, আৰু ভি7 ভ্ৰমণ সকলোএকে ক্ৰুজ লাইনৰ","ভি1, ভি2, ভি3, ভি4, ভি5, ভি6, আৰু ভি7 ভ্ৰমণ সকলোএকে ক্ৰুজ লাইনৰ নহয়",A,inverse,এটা ,indefinite,সাতটা ,number
62,"এটা ক্ৰুজ লাইনত মিয়ামিৰ পৰা বাহামালৈ সাতটা যাত্ৰা আছে - ভি1, ভি2, ভি3, ভি4, ভি5, ভি6, আৰু ভি7 যাত্ৰা।","ভি1, ভি2, ভি3, ভি4, ভি5, ভি6, আৰু ভি7 ভ্ৰমণ সকলোএকে ক্ৰুজ লাইনৰ নহয়","ভি1, ভি2, ভি3, ভি4, ভি5, ভি6, আৰু ভি7 ভ্ৰমণ সকলোএকে ক্ৰুজ লাইনৰ",B,inverse,এটা ,indefinite,সাতটা ,number
63,এখন পুথিভঁৰালত এঘাৰ প্ৰকাৰৰ আলোচনী থাকে।,সকলো এঘাৰ প্ৰকাৰৰ আলোচনী ধাৰণ কৰা কোনো একক পুথিভঁৰাল নাই,এনে কোনো একক পুথিভঁৰাল আছে য'ত সকলো এঘাৰ প্ৰকাৰৰ আলোচনী থাকে,B,surface,এখন ,indefinite,এঘাৰ,number
63,এখন পুথিভঁৰালত এঘাৰ প্ৰকাৰৰ আলোচনী থাকে।,এনে কোনো একক পুথিভঁৰাল আছে য'ত সকলো এঘাৰ প্ৰকাৰৰ আলোচনী থাকে,সকলো এঘাৰ প্ৰকাৰৰ আলোচনী ধাৰণ কৰা কোনো একক পুথিভঁৰাল নাই,A,surface,এখন ,indefinite,এঘাৰ,number
64,"ডাটা চেণ্টাৰএটাত টেকনিচিয়ানসকলে দহটা চাৰ্ভাৰ পৰিচালনা কৰে - এছ1, এছ2, এছ3, এছ4, এছ5, এছ6, এছ7, এছ8, এছ9, আৰু এছ10।",সকলো দহটা চাৰ্ভাৰ একেডাটা কেন্দ্ৰত পৰিচালনা কৰা নহয়,সকলো দহটা চাৰ্ভাৰ একেডাটা কেন্দ্ৰত পৰিচালনা কৰা হয়,B,inverse,এটাত,indefinite,দহটা ,number
64,"ডাটা চেণ্টাৰএটাত টেকনিচিয়ানসকলে দহটা চাৰ্ভাৰ পৰিচালনা কৰে - এছ1, এছ2, এছ3, এছ4, এছ5, এছ6, এছ7, এছ8, এছ9, আৰু এছ10।",সকলো দহটা চাৰ্ভাৰ একেডাটা কেন্দ্ৰত পৰিচালনা কৰা হয়,সকলো দহটা চাৰ্ভাৰ একেডাটা কেন্দ্ৰত পৰিচালনা কৰা নহয়,A,inverse,এটাত,indefinite,দহটা ,number
65,"নতুনকৈ স্থাপিত ফাৰ্ম এটাৰ চাৰিটা অংশীদাৰ আছে - পি1, পি2, পি3, আৰু পি4।",মুঠতে এটা নতুনকৈ স্থাপিত ফাৰ্ম আছে য'ত চাৰিটা অংশীদাৰ আছে,মুঠতে অধিক নতুনকৈ স্থাপিত ফাৰ্ম আছে যাৰ চাৰিটা অংশীদাৰ আছে,A,surface,এটাৰ,indefinite,চাৰিটা,number
65,"নতুনকৈ স্থাপিত ফাৰ্ম এটাৰ চাৰিটা অংশীদাৰ আছে - পি1, পি2, পি3, আৰু পি4।",মুঠতে অধিক নতুনকৈ স্থাপিত ফাৰ্ম আছে যাৰ চাৰিটা অংশীদাৰ আছে,মুঠতে এটা নতুনকৈ স্থাপিত ফাৰ্ম আছে য'ত চাৰিটা অংশীদাৰ আছে,B,surface,এটাৰ,indefinite,চাৰিটা,number
66,"এজন প্ৰখ্যাত ভায়োলিনবাদকৰ সংগীতানুষ্ঠানত ঠিক আঠটা পৃথক টুকুৰা আছে - পি1, পি2, পি3, পি4, পি5, পি6, পি7, আৰু পি8।",সকলো টুকুৰা একেটা ভায়োলিনবাদকে পৰিৱেশন কৰে,সকলো টুকুৰা বিভিন্ন ভায়োলিনবাদকে পৰিৱেশন কৰে,A,inverse,এজন,indefinite,ঠিক আঠটা,number
66,"এজন প্ৰখ্যাত ভায়োলিনবাদকৰ সংগীতানুষ্ঠানত ঠিক আঠটা পৃথক টুকুৰা আছে - পি1, পি2, পি3, পি4, পি5, পি6, পি7, আৰু পি8।",সকলো টুকুৰা বিভিন্ন ভায়োলিনবাদকে পৰিৱেশন কৰে,সকলো টুকুৰা একেটা ভায়োলিনবাদকে পৰিৱেশন কৰে,B,inverse,এজন,indefinite,ঠিক আঠটা,number
67,"এখন বাছ কোম্পানীয়ে বষ্টনৰ পৰা নিউয়ৰ্কলৈ পাঁচটা পথ পৰিচালনা কৰে - আৰ1, আৰ2, আৰ3, আৰ4, আৰু আৰ5 পথ।","আৰ1, আৰ2, আৰ3, আৰ4, আৰু আৰ5 পথবোৰ একেখন বাছ কোম্পানীয়ে পৰিচালনা কৰে",সকলো টুকুৰা একেটা ভায়োলিনবাদকে পৰিৱেশন কৰে,A,inverse,এখন ,indefinite,পাঁচটা,number
67,"এখন বাছ কোম্পানীয়ে বষ্টনৰ পৰা নিউয়ৰ্কলৈ পাঁচটা পথ পৰিচালনা কৰে - আৰ1, আৰ2, আৰ3, আৰ4, আৰু আৰ5 পথ।",সকলো টুকুৰা একেটা ভায়োলিনবাদকে পৰিৱেশন কৰে,"আৰ1, আৰ2, আৰ3, আৰ4, আৰু আৰ5 পথবোৰ একেখন বাছ কোম্পানীয়ে পৰিচালনা কৰে",B,inverse,এখন ,indefinite,পাঁচটা,number
68,"এখন পুথিভঁৰালত ঠিক পাঁচখন নতুন কিতাপ আছে - পি, কিউ, আৰ, এছ, আৰু টি।",পাঁচখন কিতাপ একেখন পুথিভঁৰালত নাই,পাঁচখন কিতাপ একেখন পুথিভঁৰালত আছে,B,inverse,এখন ,indefinite,ঠিক পাঁচখন,number
68,"এখন পুথিভঁৰালত ঠিক পাঁচখন নতুন কিতাপ আছে - পি, কিউ, আৰ, এছ, আৰু টি।",পাঁচখন কিতাপ একেখন পুথিভঁৰালত আছে,পাঁচখন কিতাপ একেখন পুথিভঁৰালত নাই,A,inverse,এখন ,indefinite,ঠিক পাঁচখন,number
69,"এখন বাছে ঠিক তিনিটা ষ্টপ কৰে - এবাৰ ডোভাৰত, এবাৰ কেণ্টত, আৰু এবাৰ চাচেক্সত - সেই ক্ৰমত নহয়।",মুঠতে এটাতকৈ অধিক বাছ আছে,মুঠতে এটাতকৈ মাত্ৰ এখন বাছ আছে,B,surface,এখন ,indefinite,ঠিক তিনিটা,number
69,"এখন বাছে ঠিক তিনিটা ষ্টপ কৰে - এবাৰ ডোভাৰত, এবাৰ কেণ্টত, আৰু এবাৰ চাচেক্সত - সেই ক্ৰমত নহয়।",মুঠতে এটাতকৈ মাত্ৰ এখন বাছ আছে,মুঠতে এটাতকৈ অধিক বাছ আছে,A,surface,এখন ,indefinite,ঠিক তিনিটা,number
70,এজন কৃষকৰ নটা গৰু আছে।,নটা গৰুৰ কিছুমান বিভিন্ন কৃষকৰ,নটা গৰুৰ সকলোবোৰ একেজন কৃষকৰ,B,surface,এজন,indefinite,নটা,number
70,এজন কৃষকৰ নটা গৰু আছে।,নটা গৰুৰ সকলোবোৰ একেজন কৃষকৰ,নটা গৰুৰ কিছুমান বিভিন্ন কৃষকৰ,A,surface,এজন,indefinite,নটা,number
71,এজন পিয়ানোবাদকে চাৰিটা বেলেগ বেলেগ পিয়ানো সোনাটা বজাব।,চাৰিটা পিয়ানো সোনাটা একেজন পিয়ানোবাদকে বজাব,চাৰিটা পিয়ানো সোনাটা বিভিন্ন পিয়ানোবাদকে বজাব,A,inverse,এজন,indefinite,চাৰিটা,number
71,এজন পিয়ানোবাদকে চাৰিটা বেলেগ বেলেগ পিয়ানো সোনাটা বজাব।,চাৰিটা পিয়ানো সোনাটা বিভিন্ন পিয়ানোবাদকে বজাব,চাৰিটা পিয়ানো সোনাটা একেজন পিয়ানোবাদকে বজাব,B,inverse,এজন,indefinite,চাৰিটা,number
72,"এখন গেলেৰীত ঠিক ছয়খন চিত্ৰ প্ৰদৰ্শন কৰা হয় - এ, বি, চি, ডি, ই, আৰু এফ।",ছয়খন চিত্ৰ একেখন গেলেৰীত নাই,ছয়খন চিত্ৰ একেখন গেলেৰীত আছে,B,inverse,এখন ,indefinite,ঠিক ছয়খন,number
72,"এখন গেলেৰীত ঠিক ছয়খন চিত্ৰ প্ৰদৰ্শন কৰা হয় - এ, বি, চি, ডি, ই, আৰু এফ।",ছয়খন চিত্ৰ একেখন গেলেৰীত আছে,ছয়খন চিত্ৰ একেখন গেলেৰীত নাই,A,inverse,এখন ,indefinite,ঠিক ছয়খন,number
73,"এখন ৰেল ঠিক দুবাৰ ৰয় - এবাৰ য়ৰ্কত, এবাৰ লিডছত - সেই ক্ৰমত নহয়।",মুঠতে দুখন ৰেল আছে,মুঠতে ঠিক এটা ৰেল আছে,B,surface,এখন ,indefinite,ঠিক দুবাৰ,number
73,"এখন ৰেল ঠিক দুবাৰ ৰয় - এবাৰ য়ৰ্কত, এবাৰ লিডছত - সেই ক্ৰমত নহয়।",মুঠতে ঠিক এটা ৰেল আছে,মুঠতে দুখন ৰেল আছে,A,surface,এখন ,indefinite,ঠিক দুবাৰ,number
74,"এজন ৰান্ধনীয়ে ঠিক দহটা ব্যঞ্জন প্ৰস্তুত কৰে - এ, বি, চি, ডি, ই, এফ, জি, এইচ, আই, আৰু জে।",সকলো ব্যঞ্জন একেজন ৰান্ধনীৰ দ্বাৰা প্ৰস্তুত কৰা হয়,সকলো ব্যঞ্জন বিভিন্ন ৰান্ধনীৰ দ্বাৰা প্ৰস্তুত কৰা হয়,A,inverse,এজন,indefinite,ঠিক দহটা,number
74,"এজন ৰান্ধনীয়ে ঠিক দহটা ব্যঞ্জন প্ৰস্তুত কৰে - এ, বি, চি, ডি, ই, এফ, জি, এইচ, আই, আৰু জে।",সকলো ব্যঞ্জন বিভিন্ন ৰান্ধনীৰ দ্বাৰা প্ৰস্তুত কৰা হয়,সকলো ব্যঞ্জন একেজন ৰান্ধনীৰ দ্বাৰা প্ৰস্তুত কৰা হয়,B,inverse,এজন,indefinite,ঠিক দহটা,number
75,এজন মালীৰ সাতটা উদ্ভিদ আছে।,সাতটা উদ্ভিদৰ কিছুমান বিভিন্ন মালীৰ,সাতটা উদ্ভিদৰ কিছুমান একেটা মালীৰ,B,surface,এজন,indefinite,সাতটা ,number
75,এজন মালীৰ সাতটা উদ্ভিদ আছে।,সাতটা উদ্ভিদৰ কিছুমান একেটা মালীৰ,সাতটা উদ্ভিদৰ কিছুমান বিভিন্ন মালীৰ,A,surface,এজন,indefinite,সাতটা ,number
76,এজন ভায়োলিনবাদকে পাঁচটা বেলেগ বেলেগ ভায়োলিন কনচাৰ্ট বজাব।,পাঁচটা ভায়োলিন কনচাৰ্ট বিভিন্ন ভায়োলিনবাদকে বজাব,পাঁচটা ভায়োলিন কনচাৰ্ট একেজন ভায়োলিনবাদকে বজাব,B,inverse,এজন,indefinite,পাঁচটা,number
76,এজন ভায়োলিনবাদকে পাঁচটা বেলেগ বেলেগ ভায়োলিন কনচাৰ্ট বজাব।,পাঁচটা ভায়োলিন কনচাৰ্ট একেজন ভায়োলিনবাদকে বজাব,পাঁচটা ভায়োলিন কনচাৰ্ট বিভিন্ন ভায়োলিনবাদকে বজাব,A,inverse,এজন,indefinite,পাঁচটা,number
77,"এজন মালীয়ে ঠিক নটা গছ ৰোপণ কৰে - টি, ইউ, ভি, ডব্লিউ, এক্স, ৱাই, জেড, এ, আৰু বি।",সকলো গছ একেজন মালীয়ে ৰোপণ কৰে,সকলো গছ বেলেগ বেলেগ মালীয়ে ৰোপণ কৰে,A,inverse,এজন,indefinite,ঠিক নটা,number
77,"এজন মালীয়ে ঠিক নটা গছ ৰোপণ কৰে - টি, ইউ, ভি, ডব্লিউ, এক্স, ৱাই, জেড, এ, আৰু বি।",সকলো গছ বেলেগ বেলেগ মালীয়ে ৰোপণ কৰে,সকলো গছ একেজন মালীয়ে ৰোপণ কৰে,B,inverse,এজন,indefinite,ঠিক নটা,number
78,"এখন বিদ্যালয় সমিতিত ঠিক চাৰিজন সদস্য থাকিব, যাৰ ভিতৰত এজন ইয়াৰ সভাপতি হ'ব।",চাৰিজন সদস্য বিভিন্ন বিদ্যালয় সমিতিত থাকিব,চাৰিজন সদস্য একেখন বিদ্যালয় সমিতিত থাকিব,B,inverse,এখন ,indefinite,ঠিক চাৰিজন,number
78,"এখন বিদ্যালয় সমিতিত ঠিক চাৰিজন সদস্য থাকিব, যাৰ ভিতৰত এজন ইয়াৰ সভাপতি হ'ব।",চাৰিজন সদস্য একেখন বিদ্যালয় সমিতিত থাকিব,চাৰিজন সদস্য বিভিন্ন বিদ্যালয় সমিতিত থাকিব,A,inverse,এখন ,indefinite,ঠিক চাৰিজন,number
79,এজন কৃষকৰ পোন্ধৰটা গৰু আছে।,পোন্ধৰটা গৰুৰ কিছুমান বিভিন্ন কৃষকৰ,পোন্ধৰটা গৰু এজন কৃষকৰ,B,inverse,এজন,indefinite,পোন্ধৰটা,number
79,এজন কৃষকৰ পোন্ধৰটা গৰু আছে।,পোন্ধৰটা গৰু এজন কৃষকৰ,পোন্ধৰটা গৰুৰ কিছুমান বিভিন্ন কৃষকৰ,A,inverse,এজন,indefinite,পোন্ধৰটা,number
80,"এখন পাৱাৰ ষ্টেচনৰ অভিযন্তাসকলে বেকআপ জেনেৰেটৰ আৰম্ভ কৰিবলৈ সাতটা চুইচ সক্ৰিয় কৰে - A, B, C, D, E, F, আৰু G।",সাতটা চুইচ বিভিন্ন পাৱাৰ ষ্টেচনত সক্ৰিয় কৰা হয়,সাতটা চুইচ একেটা পাৱাৰ ষ্টেচনত সক্ৰিয় কৰা হয়,B,inverse,এখন,indefinite,সাতটা,number
80,"এখন পাৱাৰ ষ্টেচনৰ অভিযন্তাসকলে বেকআপ জেনেৰেটৰ আৰম্ভ কৰিবলৈ সাতটা চুইচ সক্ৰিয় কৰে - A, B, C, D, E, F, আৰু G।",সাতটা চুইচ একেটা পাৱাৰ ষ্টেচনত সক্ৰিয় কৰা হয়,সাতটা চুইচ বিভিন্ন পাৱাৰ ষ্টেচনত সক্ৰিয় কৰা হয়,A,inverse,এখন,indefinite,সাতটা,number
81,"এজন প্ৰখ্যাত চিত্ৰশিল্পীয়ে ঠিক পাঁচখন চিত্ৰ সৃষ্টি কৰে - পি, কিউ, আৰ, এছ, আৰু টি।",সকলো চিত্ৰ একে চিত্ৰকৰ দ্বাৰা সৃষ্টি কৰা হয়,সকলো চিত্ৰ বিভিন্ন চিত্ৰকৰ দ্বাৰা সৃষ্টি কৰা হয়,A,inverse,এজন,indefinite,ঠিক পাঁচখন ,number
81,"এজন প্ৰখ্যাত চিত্ৰশিল্পীয়ে ঠিক পাঁচখন চিত্ৰ সৃষ্টি কৰে - পি, কিউ, আৰ, এছ, আৰু টি।",সকলো চিত্ৰ বিভিন্ন চিত্ৰকৰ দ্বাৰা সৃষ্টি কৰা হয়,সকলো চিত্ৰ একে চিত্ৰকৰ দ্বাৰা সৃষ্টি কৰা হয়,B,inverse,এজন,indefinite,ঠিক পাঁচখন ,number
82,"এজন লাইব্ৰেৰিয়ানে ঠিক দহখন কিতাপ সজায় - বি, চি, ডি, ই, এফ, জি, এইচ, আই, জে, আৰু কে।",সকলো কিতাপ বিভিন্ন লাইব্ৰেৰিয়ানৰ দ্বাৰা সজোৱা হয়,সকলো কিতাপ একেলাইব্ৰেৰিয়ানৰ দ্বাৰা সজোৱা হয়,B,inverse,এজন,indefinite,ঠিক দহখন,number
82,"এজন লাইব্ৰেৰিয়ানে ঠিক দহখন কিতাপ সজায় - বি, চি, ডি, ই, এফ, জি, এইচ, আই, জে, আৰু কে।",সকলো কিতাপ একেলাইব্ৰেৰিয়ানৰ দ্বাৰা সজোৱা হয়,সকলো কিতাপ বিভিন্ন লাইব্ৰেৰিয়ানৰ দ্বাৰা সজোৱা হয়,A,inverse,এজন,indefinite,ঠিক দহখন,number
83,এজন জুকিপাৰৰ বিশটা বান্দৰ আছে।,বিশটা বান্দৰৰ কিছুমান বিভিন্ন চিৰিয়াখানাৰ ৰক্ষকৰ,বিশটা বান্দৰ একেটা চিৰিয়াখানাৰ ৰক্ষকৰ,B,inverse,এজন,indefinite,বিশটা,number
83,এজন জুকিপাৰৰ বিশটা বান্দৰ আছে।,বিশটা বান্দৰ একেটা চিৰিয়াখানাৰ ৰক্ষকৰ,বিশটা বান্দৰৰ কিছুমান বিভিন্ন চিৰিয়াখানাৰ ৰক্ষকৰ,A,inverse,এজন,indefinite,বিশটা,number
84,"ডাটা চেণ্টাৰএটাৰ টেকনিচিয়ানসকলে নেটৱৰ্ক আপগ্ৰেড কৰিবলৈ ছয়টা চাৰ্ভাৰ সংযোগ কৰে - এছ, টি, ইউ, ভি, ডব্লিউ, আৰু এক্স।",সকলো ছয়টা চাৰ্ভাৰ বিভিন্ন ডাটা কেন্দ্ৰত সংযোজিত হৈ আছে,সকলো ছয়টা চাৰ্ভাৰ একেডাটা কেন্দ্ৰত সংযোজিত হৈ আছে,B,inverse,এটাৰ,indefinite,ছয়টা,number
84,"ডাটা চেণ্টাৰএটাৰ টেকনিচিয়ানসকলে নেটৱৰ্ক আপগ্ৰেড কৰিবলৈ ছয়টা চাৰ্ভাৰ সংযোগ কৰে - এছ, টি, ইউ, ভি, ডব্লিউ, আৰু এক্স।",সকলো ছয়টা চাৰ্ভাৰ একেডাটা কেন্দ্ৰত সংযোজিত হৈ আছে,সকলো ছয়টা চাৰ্ভাৰ বিভিন্ন ডাটা কেন্দ্ৰত সংযোজিত হৈ আছে,A,inverse,এটাৰ,indefinite,ছয়টা,number
85,কোনো খেলুৱৈয়ে বছৰত চাৰিটা মাৰাথন দৌৰিব নোৱাৰিলে।,প্ৰশ্নত কোনো চাৰিটা নিৰ্দিষ্ট মাৰাথন নাই,প্ৰশ্নত চাৰিটা নিৰ্দিষ্ট মাৰাথন আছে,B,surface,কোনো,negation,চাৰিটা,number
85,কোনো খেলুৱৈয়ে বছৰত চাৰিটা মাৰাথন দৌৰিব নোৱাৰিলে।,প্ৰশ্নত চাৰিটা নিৰ্দিষ্ট মাৰাথন আছে,প্ৰশ্নত কোনো চাৰিটা নিৰ্দিষ্ট মাৰাথন নাই,A,surface,কোনো,negation,চাৰিটা,number
86,কোনো লেপটপত দুটা ইউএছবি পোৰ্ট নাই।,লেপটপবোৰ নোহোৱা দুটা নিৰ্দিষ্ট প্ৰকাৰৰ ইউএছবি পোৰ্ট নাই,লেপটপবোৰ নোহোৱা দুটা নিৰ্দিষ্ট প্ৰকাৰৰ ইউএছবি পোৰ্ট আছে,A,inverse,কোনো,negation,দুটা,number
86,কোনো লেপটপত দুটা ইউএছবি পোৰ্ট নাই।,লেপটপবোৰ নোহোৱা দুটা নিৰ্দিষ্ট প্ৰকাৰৰ ইউএছবি পোৰ্ট আছে,লেপটপবোৰ নোহোৱা দুটা নিৰ্দিষ্ট প্ৰকাৰৰ ইউএছবি পোৰ্ট নাই,B,inverse,কোনো,negation,দুটা,number
87,কোনো গছত পাঁচটাতকৈ বেছি ফল নাথাকে।,প্ৰশ্নত পাঁচটা নিৰ্দিষ্ট ফল আছে,প্ৰশ্নত কোনো পাঁচটা নিৰ্দিষ্ট ফল নাই,A,inverse,কোনো,negation,বেছি,number
87,কোনো গছত পাঁচটাতকৈ বেছি ফল নাথাকে।,প্ৰশ্নত কোনো পাঁচটা নিৰ্দিষ্ট ফল নাই,প্ৰশ্নত পাঁচটা নিৰ্দিষ্ট ফল আছে,B,inverse,কোনো,negation,বেছি,number
88,কোনো শিক্ষাৰ্থীয়ে এটা ছেমিষ্টাৰত ছয়টা পাঠ্যক্ৰম গ্ৰহণ নকৰে।,প্ৰশ্নত কোনো ছয়টা নিৰ্দিষ্ট পাঠ্যক্ৰম নাই,প্ৰশ্নত ছয়টা নিৰ্দিষ্ট পাঠ্যক্ৰম আছে,B,inverse,কোনো,negation,এটা ,indefinite
88,কোনো শিক্ষাৰ্থীয়ে এটা ছেমিষ্টাৰত ছয়টা পাঠ্যক্ৰম গ্ৰহণ নকৰে।,প্ৰশ্নত ছয়টা নিৰ্দিষ্ট পাঠ্যক্ৰম আছে,প্ৰশ্নত কোনো ছয়টা নিৰ্দিষ্ট পাঠ্যক্ৰম নাই,A,inverse,কোনো,negation,এটা ,indefinite
89,কোনো চাইকেলত চাৰিটা চকা নাই।,"চাৰিটা নিৰ্দিষ্ট প্ৰকাৰৰ চকা আছে যিবোৰ চাইকেলবোৰ হেৰাই গৈছে, সেইবোৰত মুঠ চাৰিটা নাই","চাইকেলবোৰ নোহোৱা চাৰিটা নিৰ্দিষ্ট প্ৰকাৰৰ চকা নাই, তেওঁলোকৰ মুঠ চাৰিটা নাই",B,inverse,কোনো,negation,চাৰিটা,number
89,কোনো চাইকেলত চাৰিটা চকা নাই।,"চাইকেলবোৰ নোহোৱা চাৰিটা নিৰ্দিষ্ট প্ৰকাৰৰ চকা নাই, তেওঁলোকৰ মুঠ চাৰিটা নাই","চাৰিটা নিৰ্দিষ্ট প্ৰকাৰৰ চকা আছে যিবোৰ চাইকেলবোৰ হেৰাই গৈছে, সেইবোৰত মুঠ চাৰিটা নাই",A,inverse,কোনো,negation,চাৰিটা,number
90,কোনো ৰান্ধনুৱে একেলগে পাঁচটা ব্যঞ্জন ৰান্ধিব নোৱাৰে।,ৰান্ধনীসকলে একেলগে ৰান্ধিব নোৱাৰা পাঁচটা নিৰ্দিষ্ট ব্যঞ্জন আছে; সিহঁতে একেলগে পাঁচটা ৰান্ধিব নোৱাৰে,ৰান্ধনীসকলে একেলগে ৰান্ধিব নোৱাৰা কোনো পাঁচটা নিৰ্দিষ্ট ব্যঞ্জন নাই; সিহঁতে একেলগে পাঁচটা ৰান্ধিব নোৱাৰে,A,inverse,কোনো,negation,পাঁচটা ,number
90,কোনো ৰান্ধনুৱে একেলগে পাঁচটা ব্যঞ্জন ৰান্ধিব নোৱাৰে।,ৰান্ধনীসকলে একেলগে ৰান্ধিব নোৱাৰা কোনো পাঁচটা নিৰ্দিষ্ট ব্যঞ্জন নাই; সিহঁতে একেলগে পাঁচটা ৰান্ধিব নোৱাৰে,ৰান্ধনীসকলে একেলগে ৰান্ধিব নোৱাৰা পাঁচটা নিৰ্দিষ্ট ব্যঞ্জন আছে; সিহঁতে একেলগে পাঁচটা ৰান্ধিব নোৱাৰে,B,inverse,কোনো,negation,পাঁচটা ,number
91,কোনো লেপটপত দুটা ইউএছবি-চি পোৰ্ট নাই।,লেপটপবোৰ নোহোৱা দুটা নিৰ্দিষ্ট প্ৰকাৰৰ ইউএছবি-চি পোৰ্ট আছে,লেপটপবোৰ নোহোৱা দুটা নিৰ্দিষ্ট প্ৰকাৰৰ ইউএছবি-চি পোৰ্ট নাই,B,surface,কোনো,negation,দুটা ,number
91,কোনো লেপটপত দুটা ইউএছবি-চি পোৰ্ট নাই।,লেপটপবোৰ নোহোৱা দুটা নিৰ্দিষ্ট প্ৰকাৰৰ ইউএছবি-চি পোৰ্ট নাই,লেপটপবোৰ নোহোৱা দুটা নিৰ্দিষ্ট প্ৰকাৰৰ ইউএছবি-চি পোৰ্ট আছে,A,surface,কোনো,negation,দুটা ,number
92,একেৰাহে চাৰিটা ছিজনৰ বাবে কোনো দল জিকিব নোৱাৰে।,একেৰাহে চাৰিটা ঋতুৰ ব্যৱধান আছে য'ত কেৱল এটা দলহে জিকে,একেৰাহে চাৰিটা ছিজনৰ ব্যৱধান আছে য'ত কোনো দলেই জিকিব নোৱাৰে,B,inverse,একেৰাহে,negation,কোনো,number
92,একেৰাহে চাৰিটা ছিজনৰ বাবে কোনো দল জিকিব নোৱাৰে।,একেৰাহে চাৰিটা ছিজনৰ ব্যৱধান আছে য'ত কোনো দলেই জিকিব নোৱাৰে,একেৰাহে চাৰিটা ঋতুৰ ব্যৱধান আছে য'ত কেৱল এটা দলহে জিকে,A,inverse,একেৰাহে,negation,কোনো,number
93,কোনো পাইলটে একেলগে সাতখন বিমান উৰাব নোৱাৰে।,পাইলটসকলে একেলগে উৰিব নোৱাৰা কোনো সাতখন নিৰ্দিষ্ট বিমান নাই; সিহঁতে একেলগে সাতটাউৰিব নোৱাৰে,পাইলটসকলে একেলগে উৰিব নোৱাৰা সাতখন নিৰ্দিষ্ট বিমান আছে,A,surface,কোনো,negation,সাতখন,number
93,কোনো পাইলটে একেলগে সাতখন বিমান উৰাব নোৱাৰে।,পাইলটসকলে একেলগে উৰিব নোৱাৰা সাতখন নিৰ্দিষ্ট বিমান আছে,পাইলটসকলে একেলগে উৰিব নোৱাৰা কোনো সাতখন নিৰ্দিষ্ট বিমান নাই; সিহঁতে একেলগে সাতটাউৰিব নোৱাৰে,B,surface,কোনো,negation,সাতখন,number
94,কোনো গাড়ীত আঠটা এয়াৰবেগ নাই।,"আঠটা নিৰ্দিষ্ট প্ৰকাৰৰ এয়াৰবেগ আছে যিবোৰ গাড়ীবোৰ হেৰাই গৈছে, সেইবোৰত মুঠ আঠটা আছে","গাড়ীবোৰত নাই বুলি কোনো নিৰ্দিষ্ট প্ৰকাৰৰ এয়াৰবেগ নাই, তেওঁলোকৰ মুঠ আঠটা নাই",B,surface,কোনো,negation,আঠটা,number
94,কোনো গাড়ীত আঠটা এয়াৰবেগ নাই।,"গাড়ীবোৰত নাই বুলি কোনো নিৰ্দিষ্ট প্ৰকাৰৰ এয়াৰবেগ নাই, তেওঁলোকৰ মুঠ আঠটা নাই","আঠটা নিৰ্দিষ্ট প্ৰকাৰৰ এয়াৰবেগ আছে যিবোৰ গাড়ীবোৰ হেৰাই গৈছে, সেইবোৰত মুঠ আঠটা আছে",A,surface,কোনো,negation,আঠটা,number
95,একেৰাহে দহ বছৰৰ বাবে কোনো কোম্পানীৰ লাভ নাই।,কোনো কোম্পানী এনেকুৱা নহয় যে একেৰাহে দহ বছৰ থাকে য'ত ই লাভ কৰে,কোম্পানী এনেকুৱা যে একেৰাহে দহ বছৰ থাকে য'ত ই লাভ কৰে,A,inverse,একেৰাহে দহ,number,কোনো ,negation
95,একেৰাহে দহ বছৰৰ বাবে কোনো কোম্পানীৰ লাভ নাই।,কোম্পানী এনেকুৱা যে একেৰাহে দহ বছৰ থাকে য'ত ই লাভ কৰে,কোনো কোম্পানী এনেকুৱা নহয় যে একেৰাহে দহ বছৰ থাকে য'ত ই লাভ কৰে,B,inverse,একেৰাহে দহ,number,কোনো ,negation
96,একেৰাহে আঠ ঘণ্টাৰ বাবে কোনো চৰাই উৰি নাযায়।,চৰাই এনেকুৱা যে একেৰাহে আঠ ঘণ্টা থাকে য'ত ই উৰি যায়,কোনো চৰাই এনেকুৱা নহয় যে একেৰাহে আঠ ঘণ্টা থাকে য'ত ই উৰি যায়,B,inverse,একেৰাহে আঠ,number,কোনো,negation
96,একেৰাহে আঠ ঘণ্টাৰ বাবে কোনো চৰাই উৰি নাযায়।,কোনো চৰাই এনেকুৱা নহয় যে একেৰাহে আঠ ঘণ্টা থাকে য'ত ই উৰি যায়,চৰাই এনেকুৱা যে একেৰাহে আঠ ঘণ্টা থাকে য'ত ই উৰি যায়,A,inverse,একেৰাহে আঠ,number,কোনো,negation
97,কোনো কুকুৰে দহটা কৌশল শিকিব নোৱাৰে।,ইয়াত কোনো দহটা নিৰ্দিষ্ট কৌশল প্ৰশ্নত নাই,ইয়াত যিকোনো দহটা নিৰ্দিষ্ট কৌশল প্ৰশ্নত আছে,B,surface,কোনো,negation,দহটা,number
97,কোনো কুকুৰে দহটা কৌশল শিকিব নোৱাৰে।,ইয়াত যিকোনো দহটা নিৰ্দিষ্ট কৌশল প্ৰশ্নত আছে,ইয়াত কোনো দহটা নিৰ্দিষ্ট কৌশল প্ৰশ্নত নাই,A,surface,কোনো,negation,দহটা,number
98,কোনো দেশেই নটা সোণৰ পদক জিকিব নোৱাৰে।,ইয়াত নটা নিৰ্দিষ্ট সোণৰ পদক প্ৰশ্নত আছে,ইয়াত কোনো নটা নিৰ্দিষ্ট সোণৰ পদক প্ৰশ্নত নাই,A,surface,কোনো,negation,নটা,number
98,কোনো দেশেই নটা সোণৰ পদক জিকিব নোৱাৰে।,ইয়াত কোনো নটা নিৰ্দিষ্ট সোণৰ পদক প্ৰশ্নত নাই,ইয়াত নটা নিৰ্দিষ্ট সোণৰ পদক প্ৰশ্নত আছে,B,surface,কোনো,negation,নটা,number
99,একেৰাহে সাত ঘণ্টা কোনো মাছ সাঁতুৰিনা নাথাকে।,কোনো মাছ এনেকুৱা নহয় যে একেৰাহে সাত ঘণ্টা থাকে য'ত ই সাঁতুৰি থাকে,মাছ এনেকুৱা যে একেৰাহে সাত ঘণ্টা থাকে য'ত ই সাঁতুৰি থাকে,A,inverse,একেৰাহে সাত,number,কোনো,negation
99,একেৰাহে সাত ঘণ্টা কোনো মাছ সাঁতুৰিনা নাথাকে।,মাছ এনেকুৱা যে একেৰাহে সাত ঘণ্টা থাকে য'ত ই সাঁতুৰি থাকে,কোনো মাছ এনেকুৱা নহয় যে একেৰাহে সাত ঘণ্টা থাকে য'ত ই সাঁতুৰি থাকে,B,inverse,একেৰাহে সাত,number,কোনো,negation
100,কোনো দেশেই নটা সোণৰ পদক জিকিব নোৱাৰে।,ৰেষ্টুৰেণ্টখনে পৰিৱেশন কৰা চাৰিটা নিৰ্দিষ্ট প্ৰকাৰৰ পাস্তা আছে,ৰেষ্টুৰেণ্টখনে পৰিৱেশন নকৰা চাৰিটা নিৰ্দিষ্ট প্ৰকাৰৰ পাস্তা নাই; ই কোনো চাৰি প্ৰকাৰৰ সেৱা নকৰে,A,surface,কোনো,negation,নটা,number
100,কোনো দেশেই নটা সোণৰ পদক জিকিব নোৱাৰে।,ৰেষ্টুৰেণ্টখনে পৰিৱেশন নকৰা চাৰিটা নিৰ্দিষ্ট প্ৰকাৰৰ পাস্তা নাই; ই কোনো চাৰি প্ৰকাৰৰ সেৱা নকৰে,ৰেষ্টুৰেণ্টখনে পৰিৱেশন কৰা চাৰিটা নিৰ্দিষ্ট প্ৰকাৰৰ পাস্তা আছে,B,surface,কোনো,negation,নটা,number
101,কোনো গাড়ীত ছয়টা গিয়াৰ নাই।,গাড়ীবোৰত পাঁচটা নিৰ্দিষ্ট গিয়াৰ আছে,গাড়ীবোৰত ছয়টা নিৰ্দিষ্ট গিয়াৰ আছে,B,surface,কোনো,negation,ছয়টা,number
101,কোনো গাড়ীত ছয়টা গিয়াৰ নাই।,গাড়ীবোৰত ছয়টা নিৰ্দিষ্ট গিয়াৰ আছে,গাড়ীবোৰত পাঁচটা নিৰ্দিষ্ট গিয়াৰ আছে,A,surface,কোনো,negation,ছয়টা,number
102,কোনো চিনেমা তিনি ঘণ্টা ৰখা নহয়।,চিনেমাবোৰ চলি থকা তিনিটা নিৰ্দিষ্ট ঘণ্টা আছে,এনে কোনো নিৰ্দিষ্ট সময় নাই যাৰ বাবে চিনেমাবোৰ স্থায়ী নহয়; সেইবোৰ কোনো তিনি ঘণ্টা ৰখা নাই,A,inverse,কোনো,negation,তিনি,number
102,কোনো চিনেমা তিনি ঘণ্টা ৰখা নহয়।,এনে কোনো নিৰ্দিষ্ট সময় নাই যাৰ বাবে চিনেমাবোৰ স্থায়ী নহয়; সেইবোৰ কোনো তিনি ঘণ্টা ৰখা নাই,চিনেমাবোৰ চলি থকা তিনিটা নিৰ্দিষ্ট ঘণ্টা আছে,B,inverse,কোনো,negation,তিনি,number
103,কোনো চহৰতে আঠখন দলং নাই।,চহৰবোৰত আঠখন নিৰ্দিষ্ট দলং আছে,চহৰবোৰত নথকা আঠখন নিৰ্দিষ্ট দলং নাই; তেওঁলোকৰ কোনো আঠখন দলং নাই,A,inverse,কোনো,negation,আঠখন ,number
103,কোনো চহৰতে আঠখন দলং নাই।,চহৰবোৰত নথকা আঠখন নিৰ্দিষ্ট দলং নাই; তেওঁলোকৰ কোনো আঠখন দলং নাই,চহৰবোৰত আঠখন নিৰ্দিষ্ট দলং আছে,B,inverse,কোনো,negation,আঠখন ,number
104,কোনো চৰাইয়ে পোনপটীয়াকৈ ছয় ঘণ্টা উৰিব নোৱাৰে।,চৰাইবোৰে পোনপটীয়াকৈ কোনো ছয় ঘণ্টা উৰিব নোৱাৰে,চৰাইবোৰে উৰিব পৰা ছয়টা নিৰ্দিষ্ট ঘণ্টা আছে,A,inverse,কোনো,negation,ছয়,number
104,কোনো চৰাইয়ে পোনপটীয়াকৈ ছয় ঘণ্টা উৰিব নোৱাৰে।,চৰাইবোৰে উৰিব পৰা ছয়টা নিৰ্দিষ্ট ঘণ্টা আছে,চৰাইবোৰে পোনপটীয়াকৈ কোনো ছয় ঘণ্টা উৰিব নোৱাৰে,B,inverse,কোনো,negation,ছয়,number
105,কোনো শিক্ষাৰ্থীয়ে এসপ্তাহত নখন কিতাপ পঢ়িব নোৱাৰে,নখন নিৰ্দিষ্ট কিতাপ আছে যিবোৰ শিক্ষাৰ্থীসকলে এসপ্তাহত পঢ়িব নোৱাৰে,শিক্ষাৰ্থীসকলে এসপ্তাহত পঢ়িব পৰা নখন নিৰ্দিষ্ট কিতাপ আছে,A,surface,কোনো,negation,নখন,number
105,কোনো শিক্ষাৰ্থীয়ে এসপ্তাহত নখন কিতাপ পঢ়িব নোৱাৰে,শিক্ষাৰ্থীসকলে এসপ্তাহত পঢ়িব পৰা নখন নিৰ্দিষ্ট কিতাপ আছে,নখন নিৰ্দিষ্ট কিতাপ আছে যিবোৰ শিক্ষাৰ্থীসকলে এসপ্তাহত পঢ়িব নোৱাৰে,B,surface,কোনো,negation,নখন,number
106,কোনো শিল্পীয়ে এদিনত সাতখন চিত্ৰ আঁকিব নোৱাৰে।,শিল্পীসকলে এদিনত ছবি আঁকিব পৰা সাতখন নিৰ্দিষ্ট চিত্ৰ আছে,সাতখন নিৰ্দিষ্ট চিত্ৰ আছে যিবোৰ শিল্পীসকলে এদিনত আঁকিব নোৱাৰে,A,inverse,কোনো,negation,এদিনত,indefinite
106,কোনো শিল্পীয়ে এদিনত সাতখন চিত্ৰ আঁকিব নোৱাৰে।,সাতখন নিৰ্দিষ্ট চিত্ৰ আছে যিবোৰ শিল্পীসকলে এদিনত আঁকিব নোৱাৰে,শিল্পীসকলে এদিনত ছবি আঁকিব পৰা সাতখন নিৰ্দিষ্ট চিত্ৰ আছে,B,inverse,কোনো,negation,এদিনত,indefinite
107,কোনো চৰাইয়ে দুটা বেলেগ বেলেগ গতিত উৰিব নোৱাৰে।,প্ৰশ্নত দুটা নিৰ্দিষ্ট গতি আছে,প্ৰশ্নত দুটা নিৰ্দিষ্ট গতি নাই,A,surface,কোনো,negation,দুটা,number
107,কোনো চৰাইয়ে দুটা বেলেগ বেলেগ গতিত উৰিব নোৱাৰে।,প্ৰশ্নত দুটা নিৰ্দিষ্ট গতি নাই,প্ৰশ্নত দুটা নিৰ্দিষ্ট গতি আছে,B,surface,কোনো,negation,দুটা,number
108,কোনো শিক্ষকে দুটাতকৈ বেছি বিষয় শিকায়।,প্ৰশ্নত দুটা নিৰ্দিষ্ট বিষয় আছে,প্ৰশ্নত কোনো দুটা নিৰ্দিষ্ট বিষয় নাই,A,surface,কোনো,negation,দুটাতকৈ,number
108,কোনো শিক্ষকে দুটাতকৈ বেছি বিষয় শিকায়।,প্ৰশ্নত কোনো দুটা নিৰ্দিষ্ট বিষয় নাই,প্ৰশ্নত দুটা নিৰ্দিষ্ট বিষয় আছে,B,surface,কোনো,negation,দুটাতকৈ,number
109,কোনো শিক্ষাৰ্থীয়ে পাঁচখন কিতাপ পঢ়ে না।,পাঁচখন নিৰ্দিষ্ট কিতাপ আছে যিবোৰ শিক্ষাৰ্থীয়ে পঢ়ে,ছাত্ৰজনে পঢ়া পাঁচখন নিৰ্দিষ্ট কিতাপ আছে,A,surface,কোনো,negation,পাঁচখন,number
109,কোনো শিক্ষাৰ্থীয়ে পাঁচখন কিতাপ পঢ়ে না।,ছাত্ৰজনে পঢ়া পাঁচখন নিৰ্দিষ্ট কিতাপ আছে,পাঁচখন নিৰ্দিষ্ট কিতাপ আছে যিবোৰ শিক্ষাৰ্থীয়ে পঢ়ে,B,surface,কোনো,negation,পাঁচখন,number
110,কোনো চৰাই ছয় মাইল উৰি নাযায়।,চৰাইটোৱে উৰি যোৱা ছয়টা নিৰ্দিষ্ট মাইল আছে,ছয়টা নিৰ্দিষ্ট মাইল আছে যিবোৰ কোনো চৰাইউৰি নাযায়,B,inverse,কোনো,negation,ছয়,number
110,কোনো চৰাই ছয় মাইল উৰি নাযায়।,ছয়টা নিৰ্দিষ্ট মাইল আছে যিবোৰ কোনো চৰাইউৰি নাযায়,চৰাইটোৱে উৰি যোৱা ছয়টা নিৰ্দিষ্ট মাইল আছে,A,inverse,কোনো,negation,ছয়,number
111,কোনো শিল্পীয়ে দহটা প্ৰতিকৃতি অংকন নকৰে।,দহটা নিৰ্দিষ্ট প্ৰতিকৃতি আছে যাক কোনো শিল্পীয়ে অংকন নকৰে,শিল্পীয়ে অংকন কৰা দহটা নিৰ্দিষ্ট প্ৰতিকৃতি আছে,B,surface,কোনো,negation,দহটা,number
111,কোনো শিল্পীয়ে দহটা প্ৰতিকৃতি অংকন নকৰে।,শিল্পীয়ে অংকন কৰা দহটা নিৰ্দিষ্ট প্ৰতিকৃতি আছে,দহটা নিৰ্দিষ্ট প্ৰতিকৃতি আছে যাক কোনো শিল্পীয়ে অংকন নকৰে,A,surface,কোনো,negation,দহটা,number
112,কোনো মাছে তেৰ ফুট সাঁতুৰিব নোৱাৰে।,মাছবোৰে সাঁতুৰিব পৰা তেৰখন নিৰ্দিষ্ট ভৰি আছে,মাছবোৰে তেৰ ফুট সাঁতুৰিব নোৱাৰা,B,surface,কোনো,negation,তেৰ ,number
112,কোনো মাছে তেৰ ফুট সাঁতুৰিব নোৱাৰে।,মাছবোৰে তেৰ ফুট সাঁতুৰিব নোৱাৰা,মাছবোৰে সাঁতুৰিব পৰা তেৰখন নিৰ্দিষ্ট ভৰি আছে,A,surface,কোনো,negation,তেৰ ,number
113,কোনো ঘোঁৰাই চৈধ্যটা বাধা জাঁপ নিদিয়ে।,চৈধ্যটা নিৰ্দিষ্ট বাধা আছে যিবোৰ কোনো ঘোঁৰাই জঁপিয়াই নাথাকে,চৈধ্যটা নিৰ্দিষ্ট বাধা আছে যি ঘোঁৰাই জঁপিয়াই পৰে,A,inverse,কোনো,negation,চৈধ্যটা,number
113,কোনো ঘোঁৰাই চৈধ্যটা বাধা জাঁপ নিদিয়ে।,চৈধ্যটা নিৰ্দিষ্ট বাধা আছে যি ঘোঁৰাই জঁপিয়াই পৰে,চৈধ্যটা নিৰ্দিষ্ট বাধা আছে যিবোৰ কোনো ঘোঁৰাই জঁপিয়াই নাথাকে,B,inverse,কোনো,negation,চৈধ্যটা,number
114,তিনিটা পৰ্বতৰ ওপৰেৰে কোনো চৰাই উৰি নাযায়।,প্ৰশ্নত তিনিটা নিৰ্দিষ্ট পৰ্বত নাই,প্ৰশ্নত তিনিটা নিৰ্দিষ্ট পৰ্বত আছে,B,surface,তিনিটা,number,কোনো,negation
114,তিনিটা পৰ্বতৰ ওপৰেৰে কোনো চৰাই উৰি নাযায়।,প্ৰশ্নত তিনিটা নিৰ্দিষ্ট পৰ্বত আছে,প্ৰশ্নত তিনিটা নিৰ্দিষ্ট পৰ্বত নাই,A,surface,তিনিটা,number,কোনো,negation
115,কোনো খেলুৱৈয়ে দৈনিক পাঁচ মাইল দৌৰে না।,প্ৰশ্নত পাঁচটা নিৰ্দিষ্ট মাইল আছে,প্ৰশ্নত পাঁচটা নিৰ্দিষ্ট মাইল নাই,A,surface,কোনো,negation,পাঁচ,number
115,কোনো খেলুৱৈয়ে দৈনিক পাঁচ মাইল দৌৰে না।,প্ৰশ্নত পাঁচটা নিৰ্দিষ্ট মাইল নাই,প্ৰশ্নত পাঁচটা নিৰ্দিষ্ট মাইল আছে,B,surface,কোনো,negation,পাঁচ,number
116,একেৰাহে সাত ঘণ্টাৰ বাবে কোনো চৰাই উৰি নাযায়।,চৰাই এনেকুৱা যে একেৰাহে সাত ঘণ্টা থাকে য'ত ই উৰি যায়,কোনো চৰাই এনেকুৱা নহয় যে একেৰাহে সাত ঘণ্টা থাকে য'ত ই উৰি যায়,B,inverse,একেৰাহে সাত,number,কোনো,negation
116,একেৰাহে সাত ঘণ্টাৰ বাবে কোনো চৰাই উৰি নাযায়।,কোনো চৰাই এনেকুৱা নহয় যে একেৰাহে সাত ঘণ্টা থাকে য'ত ই উৰি যায়,চৰাই এনেকুৱা যে একেৰাহে সাত ঘণ্টা থাকে য'ত ই উৰি যায়,A,inverse,একেৰাহে সাত,number,কোনো,negation
117,কোনো শিক্ষাৰ্থীয়ে তিনিটাতকৈ বেছি বিষয় অধ্যয়ন নকৰে।,প্ৰশ্নত তিনিটা নিৰ্দিষ্ট বিষয় আছে,প্ৰশ্নত তিনিটা নিৰ্দিষ্ট বিষয় নাই,A,surface,কোনো,negation,তিনিটাতকৈ বেছি,number
117,কোনো শিক্ষাৰ্থীয়ে তিনিটাতকৈ বেছি বিষয় অধ্যয়ন নকৰে।,প্ৰশ্নত তিনিটা নিৰ্দিষ্ট বিষয় নাই,প্ৰশ্নত তিনিটা নিৰ্দিষ্ট বিষয় আছে,B,surface,কোনো,negation,তিনিটাতকৈ বেছি,number
118,কোনো মেকুৰী একেৰাহে তিনি দিন শুব নোৱাৰে।,মেকুৰী এনেকুৱা যে একেৰাহে তিনি দিন থাকে য'ত ই শুয়,কোনো মেকুৰী এনেকুৱা নহয় যে একেৰাহে তিনি দিন থাকে য'ত ই শুই থাকে,B,inverse,কোনো,negation,তিনি,number
118,কোনো মেকুৰী একেৰাহে তিনি দিন শুব নোৱাৰে।,কোনো মেকুৰী এনেকুৱা নহয় যে একেৰাহে তিনি দিন থাকে য'ত ই শুই থাকে,মেকুৰী এনেকুৱা যে একেৰাহে তিনি দিন থাকে য'ত ই শুয়,A,inverse,কোনো,negation,তিনি,number
119,কোনো চালকে পোনপটীয়াকৈ আঠ ঘণ্টা গাড়ী নচলায়।,প্ৰশ্নত আঠটা নিৰ্দিষ্ট ঘণ্টা আছে,প্ৰশ্নত আঠটা নিৰ্দিষ্ট ঘণ্টা নাই,A,surface,কোনো,negation,আঠ,number
119,কোনো চালকে পোনপটীয়াকৈ আঠ ঘণ্টা গাড়ী নচলায়।,প্ৰশ্নত আঠটা নিৰ্দিষ্ট ঘণ্টা নাই,প্ৰশ্নত আঠটা নিৰ্দিষ্ট ঘণ্টা আছে,B,surface,কোনো,negation,আঠ,number
120,একেৰাহে চাৰি ঘণ্টাৰ বাবে কোনো মাছ সাঁতুৰিব নোৱাৰে।,একেৰাহে চাৰি ঘণ্টাৰ ব্যৱধান থাকে য'ত কোনো মাছ সাঁতুৰিব নোৱাৰে,মাছ সাঁতোৰৰ সময়ত একেৰাহে চাৰি ঘণ্টাৰ ব্যৱধান থাকে,A,inverse,একেৰাহে চাৰি,number,কোনো,negation
120,একেৰাহে চাৰি ঘণ্টাৰ বাবে কোনো মাছ সাঁতুৰিব নোৱাৰে।,মাছ সাঁতোৰৰ সময়ত একেৰাহে চাৰি ঘণ্টাৰ ব্যৱধান থাকে,একেৰাহে চাৰি ঘণ্টাৰ ব্যৱধান থাকে য'ত কোনো মাছ সাঁতুৰিব নোৱাৰে,B,inverse,একেৰাহে চাৰি,number,কোনো,negation
121,কোনো শিল্পীয়ে দুটা কেনভাচ অংকন নকৰে।,প্ৰশ্নত দুটা নিৰ্দিষ্ট কেনভাচ আছে,প্ৰশ্নত দুটা নিৰ্দিষ্ট কেনভাচ নাই,A,surface,কোনো,negation, দুটা,number
121,কোনো শিল্পীয়ে দুটা কেনভাচ অংকন নকৰে।,প্ৰশ্নত দুটা নিৰ্দিষ্ট কেনভাচ নাই,প্ৰশ্নত দুটা নিৰ্দিষ্ট কেনভাচ আছে,B,surface,কোনো,negation, দুটা,number
122,একেৰাহে চাৰি দিন কোনো গাড়ী চলে না।,গাড়ী এনেকুৱা যে একেৰাহে চাৰিটা দিন থাকে য'ত ই চলে,কোনো গাড়ী এনেকুৱা নহয় যে একেৰাহে চাৰিটা দিন থাকে য'ত ই চলে,B,inverse,একেৰাহে চাৰি,number,কোনো,negation
122,একেৰাহে চাৰি দিন কোনো গাড়ী চলে না।,কোনো গাড়ী এনেকুৱা নহয় যে একেৰাহে চাৰিটা দিন থাকে য'ত ই চলে,গাড়ী এনেকুৱা যে একেৰাহে চাৰিটা দিন থাকে য'ত ই চলে,A,inverse,একেৰাহে চাৰি,number,কোনো,negation
123,কোনো গছৰ ডাল ছয়ডাল বৃদ্ধি নহয়,প্ৰশ্নত ছয়টা নিৰ্দিষ্ট শাখা আছে,প্ৰশ্নত ছয়টা নিৰ্দিষ্ট শাখা নাই,A,surface,কোনো,negation,ছয়ডাল,number
123,কোনো গছৰ ডাল ছয়ডাল বৃদ্ধি নহয়,প্ৰশ্নত ছয়টা নিৰ্দিষ্ট শাখা নাই,প্ৰশ্নত ছয়টা নিৰ্দিষ্ট শাখা আছে,B,surface,কোনো,negation,ছয়ডাল,number
124,কোনো শিক্ষাৰ্থীয়ে তিনিখন কিতাপ নপঢ়ে ,প্ৰশ্নত তিনিখন নিৰ্দিষ্ট কিতাপ নাই,প্ৰশ্নত তিনিখন নিৰ্দিষ্ট কিতাপ আছে,B,surface,কোনো,negation,তিনিখন,number
124,কোনো শিক্ষাৰ্থীয়ে তিনিখন কিতাপ নপঢ়ে ,প্ৰশ্নত তিনিখন নিৰ্দিষ্ট কিতাপ আছে,প্ৰশ্নত তিনিখন নিৰ্দিষ্ট কিতাপ নাই,A,surface,কোনো,negation,তিনিখন,number
125,কোনো মেকুৰী তিনি ঘণ্টা শুব নোৱাৰে।,কোনো মেকুৰী এনেকুৱা নহয় যে তিনি ঘণ্টা থাকে য'ত ই শুয়,মেকুৰী এনেকুৱা যে তিনি ঘণ্টা থাকে য'ত ই শুয়,A,inverse,কোনো,negation,তিনি,number
125,কোনো মেকুৰী তিনি ঘণ্টা শুব নোৱাৰে।,মেকুৰী এনেকুৱা যে তিনি ঘণ্টা থাকে য'ত ই শুয়,কোনো মেকুৰী এনেকুৱা নহয় যে তিনি ঘণ্টা থাকে য'ত ই শুয়,B,inverse,কোনো,negation,তিনি,number
126,কোনো ৰেষ্টুৰেণ্টে চাৰিটাতকৈ বেছি ৰন্ধন প্ৰণালী পৰিৱেশন নকৰে।,ৰেষ্টুৰেণ্টবোৰে পৰিৱেশন কৰা চাৰিটা নিৰ্দিষ্ট ৰন্ধনপ্ৰণালী আছে,চাৰিটা নিৰ্দিষ্ট ৰন্ধনপ্ৰণালী আছে যাক ৰেষ্টুৰেণ্টবোৰে পৰিৱেশন নকৰে,A,inverse,কোনো,negation,চাৰিটাতকৈ বেছি,number
126,কোনো ৰেষ্টুৰেণ্টে চাৰিটাতকৈ বেছি ৰন্ধন প্ৰণালী পৰিৱেশন নকৰে।,চাৰিটা নিৰ্দিষ্ট ৰন্ধনপ্ৰণালী আছে যাক ৰেষ্টুৰেণ্টবোৰে পৰিৱেশন নকৰে,ৰেষ্টুৰেণ্টবোৰে পৰিৱেশন কৰা চাৰিটা নিৰ্দিষ্ট ৰন্ধনপ্ৰণালী আছে,B,inverse,কোনো,negation,চাৰিটাতকৈ বেছি,number
127,কোনো শিক্ষাৰ্থীয়ে এটা ছেমিষ্টাৰত পাঁচটা পাঠ্যক্ৰম গ্ৰহণ নকৰে।,পাঁচটা নিৰ্দিষ্ট পাঠ্যক্ৰম আছে যিবোৰ শিক্ষাৰ্থীসকলে এটা ছেমিষ্টাৰত গ্ৰহণ নকৰে,পাঁচটা নিৰ্দিষ্ট পাঠ্যক্ৰম আছে যিবোৰ শিক্ষাৰ্থীসকলে এটা ছেমিষ্টাৰত লয়,B,inverse,কোনো,negation,এটা,indefinite
127,কোনো শিক্ষাৰ্থীয়ে এটা ছেমিষ্টাৰত পাঁচটা পাঠ্যক্ৰম গ্ৰহণ নকৰে।,পাঁচটা নিৰ্দিষ্ট পাঠ্যক্ৰম আছে যিবোৰ শিক্ষাৰ্থীসকলে এটা ছেমিষ্টাৰত লয়,পাঁচটা নিৰ্দিষ্ট পাঠ্যক্ৰম আছে যিবোৰ শিক্ষাৰ্থীসকলে এটা ছেমিষ্টাৰত গ্ৰহণ নকৰে,A,inverse,কোনো,negation,এটা,indefinite
128,কোনো চহৰতে ছয়খন দলং নাই।,চহৰবোৰত ছয়খন নিৰ্দিষ্ট দলং আছে,চহৰবোৰত ছয়খন নিৰ্দিষ্ট দলং আছে,B,inverse,কোনো,negation,ছয়খন,number
128,কোনো চহৰতে ছয়খন দলং নাই।,চহৰবোৰত ছয়খন নিৰ্দিষ্ট দলং আছে,চহৰবোৰত ছয়খন নিৰ্দিষ্ট দলং আছে,A,inverse,কোনো,negation,ছয়খন,number
129,কোনো শিল্পীয়ে বছৰত আঠখন চিত্ৰ অংকন নকৰে।,আঠখন নিৰ্দিষ্ট চিত্ৰ আছে যিবোৰ শিল্পীসকলে এবছৰত অংকন নকৰে,শিল্পীসকলে এবছৰত অংকন কৰা আঠখন নিৰ্দিষ্ট চিত্ৰ আছে,B,inverse,কোনো,negation,আঠখন,number
129,কোনো শিল্পীয়ে বছৰত আঠখন চিত্ৰ অংকন নকৰে।,শিল্পীসকলে এবছৰত অংকন কৰা আঠখন নিৰ্দিষ্ট চিত্ৰ আছে,আঠখন নিৰ্দিষ্ট চিত্ৰ আছে যিবোৰ শিল্পীসকলে এবছৰত অংকন নকৰে,A,inverse,কোনো,negation,আঠখন,number
130,কোনো বেণ্ডে মাহত দহটা সংগীত ানুষ্ঠান পৰিৱেশন নকৰে।,এমাহত বেণ্ডবোৰে প্ৰদৰ্শন কৰা দহটা নিৰ্দিষ্ট সংগীতানুষ্ঠান আছে,দহটা নিৰ্দিষ্ট সংগীতানুষ্ঠান আছে যিবোৰ বেণ্ডবোৰে এমাহত প্ৰদৰ্শন নকৰে,A,inverse,কোনো,negation,দহটা,number
130,কোনো বেণ্ডে মাহত দহটা সংগীত ানুষ্ঠান পৰিৱেশন নকৰে।,দহটা নিৰ্দিষ্ট সংগীতানুষ্ঠান আছে যিবোৰ বেণ্ডবোৰে এমাহত প্ৰদৰ্শন নকৰে,এমাহত বেণ্ডবোৰে প্ৰদৰ্শন কৰা দহটা নিৰ্দিষ্ট সংগীতানুষ্ঠান আছে,B,inverse,কোনো,negation,দহটা,number
131,কোনো সংগ্ৰহালয়ে বাৰটা সংগ্ৰহ প্ৰদৰ্শন নকৰে।,সংগ্ৰহালয়বোৰে প্ৰদৰ্শন নকৰা কোনো বাৰটা নিৰ্দিষ্ট সংগ্ৰহ নাই; তেওঁলোকে কোনো বাৰটা সংগ্ৰহ প্ৰদৰ্শন নকৰে,সংগ্ৰহালয়বোৰত বাৰটা নিৰ্দিষ্ট সংগ্ৰহ আছে,B,inverse,কোনো,negation,বাৰটা,number
131,কোনো সংগ্ৰহালয়ে বাৰটা সংগ্ৰহ প্ৰদৰ্শন নকৰে।,সংগ্ৰহালয়বোৰত বাৰটা নিৰ্দিষ্ট সংগ্ৰহ আছে,সংগ্ৰহালয়বোৰে প্ৰদৰ্শন নকৰা কোনো বাৰটা নিৰ্দিষ্ট সংগ্ৰহ নাই; তেওঁলোকে কোনো বাৰটা সংগ্ৰহ প্ৰদৰ্শন নকৰে,A,inverse,কোনো,negation,বাৰটা,number
132,শ্ৰেণীৰ প্ৰতিজন শিক্ষাৰ্থীৰ এখন বেলেগ প্ৰিয় কিতাপ আছে।,মুঠতে দুখনতকৈ বেছি প্ৰিয় কিতাপ নাই,মুঠতে দুখনতকৈ অধিক প্ৰিয় কিতাপ আছে,A,surface,প্ৰতিজন,universal,এখন,indefinite
132,শ্ৰেণীৰ প্ৰতিজন শিক্ষাৰ্থীৰ এখন বেলেগ প্ৰিয় কিতাপ আছে।,মুঠতে দুখনতকৈ অধিক প্ৰিয় কিতাপ আছে,মুঠতে দুখনতকৈ বেছি প্ৰিয় কিতাপ নাই,B,surface,প্ৰতিজন,universal,এখন,indefinite
133,দলটোৰ প্ৰতিজন সদস্যই এটা বেলেগ খেল খেলে।,মুঠতে ঠিক দুটা খেল আছে,মুঠতে ঠিক দুটাতকৈ অধিক খেলা আছে,A,surface,প্ৰতিজন,universal,এটা,indefinite
133,দলটোৰ প্ৰতিজন সদস্যই এটা বেলেগ খেল খেলে।,মুঠতে ঠিক দুটাতকৈ অধিক খেলা আছে,মুঠতে ঠিক দুটা খেল আছে,B,surface,প্ৰতিজন,universal,এটা,indefinite
134,গেলেৰীৰ প্ৰতিজন শিল্পীয়ে এটা মাধ্যম ব্যৱহাৰ কৰে।,মুঠতে ঠিক এটা মাধ্যম নাই,মুঠতে ঠিক এটা মাধ্যম আছে,B,surface,প্ৰতিজন,universal,এটা,indefinite
134,গেলেৰীৰ প্ৰতিজন শিল্পীয়ে এটা মাধ্যম ব্যৱহাৰ কৰে।,মুঠতে ঠিক এটা মাধ্যম আছে,মুঠতে ঠিক এটা মাধ্যম নাই,A,surface,প্ৰতিজন,universal,এটা,indefinite
135,পাঁচজন বন্ধুৰ প্ৰত্যেকেই ৰেষ্টুৰেণ্টত এটা ব্যঞ্জন অৰ্ডাৰ দিছিল।,মুঠতে এটাতকৈ অধিক ব্যঞ্জন আছে,মুঠতে এটাতকৈ বেছি ব্যঞ্জন নাই,B,surface,প্ৰত্যেকেই,universal,এটা,indefinite
135,পাঁচজন বন্ধুৰ প্ৰত্যেকেই ৰেষ্টুৰেণ্টত এটা ব্যঞ্জন অৰ্ডাৰ দিছিল।,মুঠতে এটাতকৈ বেছি ব্যঞ্জন নাই,মুঠতে এটাতকৈ অধিক ব্যঞ্জন আছে,A,surface,প্ৰত্যেকেই,universal,এটা,indefinite
136,বাগিচাৰ প্ৰতিটো গছতে এক প্ৰকাৰৰ ফল থাকে।,মুঠতে এক প্ৰকাৰতকৈ অধিক ফল নাই,মুঠতে একাধিক প্ৰকাৰৰ ফল আছে,B,surface,প্ৰতিটো,universal,এক,indefinite
136,বাগিচাৰ প্ৰতিটো গছতে এক প্ৰকাৰৰ ফল থাকে।,মুঠতে একাধিক প্ৰকাৰৰ ফল আছে,মুঠতে এক প্ৰকাৰতকৈ অধিক ফল নাই,A,surface,প্ৰতিটো,universal,এক,indefinite
137,পৰীক্ষাগাৰৰ প্ৰতিজন বিজ্ঞানীয়ে এটা বেলেগ প্ৰকল্পত কাম কৰি আছে।,মুঠতে দুটাতকৈ অধিক প্ৰকল্প আছে,মুঠতে দুটাতকৈ অধিক প্ৰকল্প নাই,B,surface,প্ৰতিজন,universal,এটা,indefinite
137,পৰীক্ষাগাৰৰ প্ৰতিজন বিজ্ঞানীয়ে এটা বেলেগ প্ৰকল্পত কাম কৰি আছে।,মুঠতে দুটাতকৈ অধিক প্ৰকল্প নাই,মুঠতে দুটাতকৈ অধিক প্ৰকল্প আছে,A,surface,প্ৰতিজন,universal,এটা,indefinite
138,হোটেলৰ প্ৰতিটো কোঠাৰ এটা দৃশ্য আছে।,মুঠতে অধিক এটা দৃশ্যৰ সৈতে কোনো কোঠা নাই,মুঠতে এটাতকৈ অধিক দৃশ্য আছে,A,surface,প্ৰতিটো,universal,এটা,indefinite
138,হোটেলৰ প্ৰতিটো কোঠাৰ এটা দৃশ্য আছে।,মুঠতে এটাতকৈ অধিক দৃশ্য আছে,মুঠতে অধিক এটা দৃশ্যৰ সৈতে কোনো কোঠা নাই,B,surface,প্ৰতিটো,universal,এটা,indefinite
139,তিনিওজন ভাই-ভনীৰ প্ৰত্যেকৰে এটা শখ আছে ,মুঠতে এটা শখ আছে,মুঠতে ঠিক এটা শখ নাই,A,surface,তিনিওজন,number,এটা,indefinite
139,তিনিওজন ভাই-ভনীৰ প্ৰত্যেকৰে এটা শখ আছে ,মুঠতে ঠিক এটা শখ নাই,মুঠতে এটা শখ আছে,B,surface,তিনিওজন,number,এটা,indefinite
140,পৃথিৱীৰ প্ৰতিখন দেশতে এখন পতাকা আছে।,মুঠতে এটাতকৈ বেছি পতাকা নাই,মুঠতে এটাতকৈ অধিক পতাকা আছে,A,surface,প্ৰতিখন,universal,এখন,indefinite
140,পৃথিৱীৰ প্ৰতিখন দেশতে এখন পতাকা আছে।,মুঠতে এটাতকৈ অধিক পতাকা আছে,মুঠতে এটাতকৈ বেছি পতাকা নাই,B,surface,প্ৰতিখন,universal,এখন,indefinite
141,চাৰিটা ঋতুৰ প্ৰতিটোতে বতৰৰ আৰ্হি আছে।,মুঠতে একাধিক বতৰৰ আৰ্হি আছে,মুঠতে এটাতকৈ অধিক বতৰৰ আৰ্হি নাই,A,surface,চাৰিটা,number,প্ৰতিটোতে,universal
141,চাৰিটা ঋতুৰ প্ৰতিটোতে বতৰৰ আৰ্হি আছে।,মুঠতে এটাতকৈ অধিক বতৰৰ আৰ্হি নাই,মুঠতে একাধিক বতৰৰ আৰ্হি আছে,B,surface,চাৰিটা,number,প্ৰতিটোতে,universal
142,শ্ৰেণীৰ প্ৰতিজন শিক্ষাৰ্থীৰ এখন পাঠ্যপুথি আছে।,শ্ৰেণীটোৰ বাবে মুঠতে কেৱল এটা পাঠ্যপুথি নাই,শ্ৰেণীটোৰ বাবে মুঠতে মাত্ৰ এটা পাঠ্যপুথি আছে,B,inverse,প্ৰতিজন,universal,এখন,indefinite
142,শ্ৰেণীৰ প্ৰতিজন শিক্ষাৰ্থীৰ এখন পাঠ্যপুথি আছে।,শ্ৰেণীটোৰ বাবে মুঠতে মাত্ৰ এটা পাঠ্যপুথি আছে,শ্ৰেণীটোৰ বাবে মুঠতে কেৱল এটা পাঠ্যপুথি নাই,A,inverse,প্ৰতিজন,universal,এখন,indefinite
143,প্ৰতিজন শিল্পীয়ে এক প্ৰকাৰৰ ব্ৰাছ ব্যৱহাৰ কৰে।,শিল্পীসকলে ব্যৱহাৰ কৰা একাধিক প্ৰকাৰৰ ব্ৰাছ আছে,শিল্পীসকলে ব্যৱহাৰ কৰা এক প্ৰকাৰৰ ব্ৰাছতকৈ বেছি নাই,B,surface,প্ৰতিজন,universal,এক,indefinite
143,প্ৰতিজন শিল্পীয়ে এক প্ৰকাৰৰ ব্ৰাছ ব্যৱহাৰ কৰে।,শিল্পীসকলে ব্যৱহাৰ কৰা এক প্ৰকাৰৰ ব্ৰাছতকৈ বেছি নাই,শিল্পীসকলে ব্যৱহাৰ কৰা একাধিক প্ৰকাৰৰ ব্ৰাছ আছে,A,surface,প্ৰতিজন,universal,এক,indefinite
144,দলৰ প্ৰতিজন খেলুৱৈয়ে এখন জাৰ্চী নম্বৰ পিন্ধে।,দলটোৰ বাবে এটাতকৈ অধিক জাৰ্চী নম্বৰ নাই,দলটোৰ বাবে এটাতকৈ অধিক জাৰ্চি নম্বৰ আছে,A,inverse,প্ৰতিজন,universal,এখন ,indefinite
144,দলৰ প্ৰতিজন খেলুৱৈয়ে এখন জাৰ্চী নম্বৰ পিন্ধে।,দলটোৰ বাবে এটাতকৈ অধিক জাৰ্চি নম্বৰ আছে,দলটোৰ বাবে এটাতকৈ অধিক জাৰ্চী নম্বৰ নাই,B,inverse,প্ৰতিজন,universal,এখন ,indefinite
145,প্ৰতিখন দেশতে এটা ৰাষ্ট্ৰীয় সংগীত আছে।,সকলো দেশৰ বাবে মাত্ৰ এটা ৰাষ্ট্ৰীয় সংগীত আছে,সকলো দেশৰ বাবে কেৱল এটা ৰাষ্ট্ৰীয় সংগীত নাই,A,inverse,প্ৰতিখন ,universal,এটা,indefinite
145,প্ৰতিখন দেশতে এটা ৰাষ্ট্ৰীয় সংগীত আছে।,সকলো দেশৰ বাবে কেৱল এটা ৰাষ্ট্ৰীয় সংগীত নাই,সকলো দেশৰ বাবে মাত্ৰ এটা ৰাষ্ট্ৰীয় সংগীত আছে,B,inverse,প্ৰতিখন ,universal,এটা,indefinite
146,প্ৰতিযোগিতাৰ প্ৰতিজন ৰান্ধনীয়ে এটা বেলেগ ৰেচিপি ব্যৱহাৰ কৰে।,প্ৰতিযোগিতাখনত দুটাতকৈ বেছি ৰেচিপি ব্যৱহাৰ কৰা হোৱা নাই,প্ৰতিযোগিতাখনত দুটাতকৈ অধিক ৰেচিপি ব্যৱহাৰ কৰা হয়,A,surface,প্ৰতিজন,universal,এটা,indefinite
146,প্ৰতিযোগিতাৰ প্ৰতিজন ৰান্ধনীয়ে এটা বেলেগ ৰেচিপি ব্যৱহাৰ কৰে।,প্ৰতিযোগিতাখনত দুটাতকৈ অধিক ৰেচিপি ব্যৱহাৰ কৰা হয়,প্ৰতিযোগিতাখনত দুটাতকৈ বেছি ৰেচিপি ব্যৱহাৰ কৰা হোৱা নাই,B,surface,প্ৰতিজন,universal,এটা,indefinite
147,সৌৰজগতৰ প্ৰতিটো গ্ৰহৰ এটা কক্ষপথ আছে।,সৌৰজগতৰ সকলো গ্ৰহতে মাত্ৰ এটা কক্ষপথ আছে,সৌৰজগতৰ সকলো গ্ৰহতে কেৱল এটা কক্ষপথ নাই,A,inverse,প্ৰতিটো,universal,এটা,indefinite
147,সৌৰজগতৰ প্ৰতিটো গ্ৰহৰ এটা কক্ষপথ আছে।,সৌৰজগতৰ সকলো গ্ৰহতে কেৱল এটা কক্ষপথ নাই,সৌৰজগতৰ সকলো গ্ৰহতে মাত্ৰ এটা কক্ষপথ আছে,B,inverse,প্ৰতিটো,universal,এটা,indefinite
148,দৌৰৰ প্ৰতিজন দৌৰবিদৰ এটা গতি আছে।,সকলো দৌৰবিদৰ গতি একে নহয়,সকলো দৌৰবিদৰ গতি একে,A,surface,প্ৰতিজন,universal,এটা ,indefinite
148,দৌৰৰ প্ৰতিজন দৌৰবিদৰ এটা গতি আছে।,সকলো দৌৰবিদৰ গতি একে,সকলো দৌৰবিদৰ গতি একে নহয়,B,surface,প্ৰতিজন,universal,এটা ,indefinite
149,অৰণ্যৰ প্ৰতিটো গছৰ এটা উচ্চতা থাকে।,অৰণ্যৰ সকলো গছত মাত্ৰ এটা উচ্চতা আছে,অৰণ্যৰ সকলো গছত কেৱল এটা উচ্চতা নাই,B,surface,প্ৰতিটো,universal,এটা ,indefinite
149,অৰণ্যৰ প্ৰতিটো গছৰ এটা উচ্চতা থাকে।,অৰণ্যৰ সকলো গছত কেৱল এটা উচ্চতা নাই,অৰণ্যৰ সকলো গছত মাত্ৰ এটা উচ্চতা আছে,A,surface,প্ৰতিটো,universal,এটা ,indefinite
150,পাৰ্কিং লটৰ প্ৰতিখন গাড়ীৰ এটা ৰং থাকে।,সকলো গাড়ীৰ ৰং একে,সকলো গাড়ীৰ ৰং একে নহয়,B,surface,প্ৰতিখন,universal,এটা ,indefinite
150,পাৰ্কিং লটৰ প্ৰতিখন গাড়ীৰ এটা ৰং থাকে।,সকলো গাড়ীৰ ৰং একে নহয়,সকলো গাড়ীৰ ৰং একে,A,surface,প্ৰতিখন,universal,এটা ,indefinite
151,শ্ৰেণীৰ প্ৰতিজন শিক্ষাৰ্থীৰ এখন বেলেগ পাঠ্যপুথি আছে।,মুঠতে এটাতকৈ অধিক পাঠ্যপুথি আছে,মুঠতে এটাতকৈ বেছি পাঠ্যপুথি নাই,A,surface,প্ৰতিজন,universal,এখন,indefinite
151,শ্ৰেণীৰ প্ৰতিজন শিক্ষাৰ্থীৰ এখন বেলেগ পাঠ্যপুথি আছে।,মুঠতে এটাতকৈ বেছি পাঠ্যপুথি নাই,মুঠতে এটাতকৈ অধিক পাঠ্যপুথি আছে,B,surface,প্ৰতিজন,universal,এখন,indefinite
152,"দলটোৰ সাতজন সদস্যসকল হৈছে A, B, C, D, E, F, আৰু G, যিসকলে প্ৰত্যেকেই পৃথক খেল খেলে।",সদস্য এ-জি-ত মুঠ এটাতকৈ অধিক খেল আছে,সদস্য এ-জি-ত মুঠএটাতকৈ অধিক খেল নাই,A,inverse,সাতজন,number,প্ৰত্যেকেই,universal
152,"দলটোৰ সাতজন সদস্যসকল হৈছে A, B, C, D, E, F, আৰু G, যিসকলে প্ৰত্যেকেই পৃথক খেল খেলে।",সদস্য এ-জি-ত মুঠএটাতকৈ অধিক খেল নাই,সদস্য এ-জি-ত মুঠ এটাতকৈ অধিক খেল আছে,B,inverse,সাতজন,number,প্ৰত্যেকেই,universal
